antigen,spearman_r,pvalue,n,FDR
CLDN6,-0.031229226229284007,0.4652468600338272,549,0.6324111388134233
LEFTY1,0.0346325752458131,0.4180202992945356,549,0.5859301317449785
AOC1,0.0673260328784809,0.11509678697427451,549,0.237646529592326
KRT6A,0.05719550980415462,0.18083948057301946,549,0.32292392171289747
PI3,0.09422915455069705,0.02726229095274908,549,0.08077334897202758
ALPG,-0.010724906127164396,0.8020251573843895,549,0.8861190215593001
S100A7,0.06437258899649141,0.13195864614817876,549,0.2601343294219578
CST1,0.06484358030051544,0.12914855921873783,549,0.2565225140167417
C6orf15,0.07759943917142144,0.06924634816811488,549,0.16453044920432175
AKR1B10,0.045531140333756374,0.2868987844109544,549,0.45261090280216687
GLYATL2,-0.10839682998559268,0.0110370825861209,549,0.040319842322422916
MYBL2,-0.07091989658460882,0.0969125330211787,549,0.21215496461003353
KRT16,0.07920046185974848,0.06368048265934503,549,0.15672101942899863
JSRP1,-0.018844445411395277,0.659522723172278,549,0.7915626934172412
DEFA6,0.005318838056021614,0.9010451367708504,549,0.9438367068863119
SPRR3,-0.015434854350117794,0.7182135255059326,549,0.827999616682875
CEACAM5,0.12741590966506772,0.002782072234537663,549,0.013439018356093093
KRT5,0.03980288995999662,0.35192869236328533,549,0.5221705122871495
SFTPB,-0.04023106511643758,0.3467681969033777,549,0.5163974804841382
PRAME,-0.08616764751741418,0.043578186152275065,549,0.11737995302306349
GPX2,0.18746059825599704,9.79781284435019e-06,549,0.0001112004195635473
KRT31,-0.02047506086976348,0.6321501207784481,549,0.768973455972951
OLFM4,0.09291094330506705,0.02950136645774035,549,0.08600273663116827
CTSV,-0.06694529354814148,0.11717052549100268,549,0.2394621403828359
CDC20,-0.12142257806012743,0.004384504395617279,549,0.01934145523953434
NXPH4,-0.13583241775176683,0.0014217506213080881,549,0.007839747529760166
ZIC2,0.04921425190674999,0.2496515386381239,549,0.4110459840393899
CAPN13,0.04226375276034246,0.3229293730285955,549,0.4928256358621777
KIF1A,-0.06833650737970542,0.10973260820790771,549,0.23071478236518725
PITX1,0.010165022245912519,0.8121623673772933,549,0.8914721196845595
S100A8,0.251777388580069,2.197015478704832e-09,549,5.136622189211897e-08
MMP9,0.26714654987640757,2.0025377713544145e-10,549,5.573730130269787e-09
UBE2C,-0.12581026249088953,0.003148542875686277,549,0.01472258648670903
FGF3,0.04628315226912844,0.27900493173616303,549,0.44227263988191423
TMPRSS4,0.01037707456278714,0.8083191724207097,549,0.8885355745215213
TFAP2A,-0.015911466559025707,0.709899265202427,549,0.8238137518679216
CCNE1,-0.028762315025328073,0.5012490925562463,549,0.6653822487009654
AQP5,-0.0729559324246413,0.08767488842540581,549,0.1982436065170201
CST2,0.17632514716411596,3.2584464567512265e-05,549,0.00031462436452377174
EEF1A2,0.1159212263777009,0.006545931452176212,549,0.027232006646241962
CA9,-0.16846381730431034,7.289883963046031e-05,549,0.00062203462429203
CEACAM6,0.18204321494582132,1.773919620772272e-05,549,0.0001835143395294501
COL26A1,-0.00937178430297563,0.8265781952117538,549,0.8996926538198697
TPX2,-0.04791620887588341,0.2623740380538319,549,0.423602552518351
ODAM,0.2381149560180299,1.6239029118394318e-08,549,3.3304254455092906e-07
NTS,0.10282789845233126,0.0159422425765932,549,0.05294454992056094
UPK1B,0.07422557948298154,0.0822822993004089,549,0.18897447521056582
ANPEP,0.05090278155492945,0.23375414368864372,549,0.39204963267148424
HOXB13,-0.07556378643313852,0.07689212709608845,549,0.1801340612732012
GFRA3,-0.05163330839143529,0.2271028817339762,549,0.38427039949937103
MAL,-0.008115787527059517,0.8495217421733072,549,0.9179803845840131
POU3F3,-0.019562230644205845,0.647414632106366,549,0.7825084733073506
ASF1B,-0.11198748282151419,0.008633504566452134,549,0.03347532782697401
AURKB,-0.05080901149825406,0.23461776632511752,549,0.3924291798250476
ZIC1,-0.06964164365413938,0.10309808012243542,549,0.22143091421814756
AMBN,0.07048380487671685,0.09898866184346411,549,0.21589131659516705
H3C2,-0.031770264368578945,0.4575470977429424,549,0.6255819383175435
FOXM1,-0.011771876960341722,0.7831589321487842,549,0.8710873374709122
UPK2,-0.12402064928855344,0.0036083073673444264,549,0.016412884484146437
MMP12,0.2508568030429943,2.5235354294631414e-09,549,5.784339053024338e-08
KRT6B,0.02410076381319417,0.5730987441248924,549,0.7236710467940645
GRIN2D,0.07199847110566848,0.09192669878031731,549,0.20424658299964524
KIFC1,-0.08728317034168417,0.040918819310036915,549,0.11176191535848867
MELK,0.028799410720804237,0.500697030053771,549,0.6653822487009654
TK1,-0.07820923123783002,0.06708118951152232,549,0.16162057667085683
CHGA,0.1043614389735623,0.014430016089128802,549,0.04963890939794722
PIGR,0.06542684231328483,0.1257331385098625,549,0.25385498949573276
PTTG1,-0.10547485142196164,0.013412578696817796,549,0.0468038940196418
CXCL5,0.23906528538077623,1.4184430917160555e-08,549,2.960999953957266e-07
CDCA8,-0.05444254680344187,0.20278148854287656,549,0.3532810135717179
B3GNT3,0.08244172155517826,0.053538000563669655,549,0.13846443066134917
PLK1,-0.047653609204404944,0.26500122722394237,549,0.42494709825073884
MUC5B,0.08763386621280127,0.04011164354090757,549,0.11033061482193164
PDIA2,0.019329395776529132,0.6513322613674474,549,0.7849560964314907
TOP2A,0.002925147127612128,0.9454812970952599,549,0.9743676377333963
CCNB2,-0.06908082862851321,0.1059088753624425,549,0.22469596242957404
TROAP,-0.1869113207021391,1.0413763345532465e-05,549,0.00011705470529737935
AKR1C2,0.08325956313914856,0.051203075504381336,549,0.13331045715951398
NEK2,0.0006473977540149612,0.9879249235129063,549,0.9947323303932708
CEACAM7,0.1373748063754729,0.0012519653087267877,549,0.007002619358380932
PAGE2,-0.1119632338048635,0.008648031654188324,549,0.03347532782697401
KANK4,-0.07575735819363917,0.07613675400916171,549,0.1787226213588555
KIF2C,-0.0725937609915114,0.08926419878060024,549,0.199903924089122
DLGAP5,0.02222466377306631,0.6033299881928179,549,0.7458177594422023
CEP55,0.01830807778635947,0.6686291951695453,549,0.798828709403647
PBK,-0.05527712206424664,0.1959345555599549,549,0.3433995434026796
ALPP,0.0027963678837633426,0.9478779901083685,549,0.9745552950190701
TMPRSS13,-0.06349588985463103,0.13731485250875788,549,0.2680765760839754
SULT2B1,-0.037378392179968634,0.3820567012810587,549,0.5520695720612578
SAPCD2,-0.19167085477244628,6.103989105229066e-06,549,7.432878400013311e-05
PKMYT1,-0.06706306815915528,0.11652595157774635,549,0.23857352917156188
RHCG,0.0011159677816176825,0.9791868523173829,549,0.9915743346804241
CDC45,0.0010430015309793193,0.980547417357203,549,0.9915743346804241
CLPSL1,-0.0596311856844139,0.1629372735310455,549,0.30090627607866066
BUB1,0.03413092272491579,0.42479918212856405,549,0.593297782447182
NCCRP1,0.1407129488224822,0.0009465237913384043,549,0.005550736922278376
MKI67,0.0017336582602437858,0.9676719003205393,549,0.9836595230214874
GAD1,0.031671292197163206,0.45895026174235715,549,0.6260360046403916
WNT7A,0.07457302505665327,0.08085428198896553,549,0.18642732868856154
ZWINT,-0.08649290560263398,0.04278815158982164,549,0.11620647384576928
MAGEA4,-0.014273827359128325,0.7386050604409935,549,0.837716120836567
CENPF,-0.04767913670629957,0.2647450459477727,549,0.42494709825073884
CCL18,0.3287167532598382,2.6737899688341184e-15,549,1.077813956402443e-13
HJURP,-0.08383101083831013,0.04962256753470697,549,0.12977356028651554
INA,-0.006663732211467393,0.8762047866196606,549,0.9300956707337835
IVL,0.003660362145976521,0.9318083802622203,549,0.9648214989713165
ACTL8,-0.14333583168976188,0.0007565555130921392,549,0.0046548073410774245
BPIFA1,0.0180096717160805,0.6737167840674184,549,0.8011538533209002
IQGAP3,-0.059510118536084795,0.1637944049334567,549,0.3020120810208374
H1-5,0.016736823951243464,0.695582959625817,549,0.8147660118262324
HGD,0.07819668505081932,0.06712517003854067,549,0.16162057667085683
CDT1,-0.08172151239065624,0.055666979106024715,549,0.14177494242906946
RRM2,0.03172640609759193,0.4581685956643431,549,0.6256998695462817
SCNN1B,-0.03699413732262444,0.3869724651781158,549,0.5577754269558406
CA2,0.12371196934727141,0.0036935039816185272,549,0.01667068013325119
NQO1,0.016468139574517465,0.7002318743465276,549,0.8185710611110907
MUC5AC,0.015763977004129126,0.7124685227873985,549,0.8238137518679216
SIX1,-0.09187602256188926,0.03136810684292611,549,0.09009660171837991
BPIFB2,-0.004369567549445179,0.9186381120214735,549,0.9573916495330344
KIF18B,-0.02974918504175415,0.48667253041343395,549,0.6516840642076795
PRSS8,-0.10751407819973095,0.01171203829959574,549,0.04225732337107228
CCNB1,-0.03667395505854284,0.3910977949104787,549,0.558916041870843
AMBP,0.07033167638284772,0.0997211831746947,549,0.21708391644547131
AURKA,0.008164811934107136,0.8486236824564724,549,0.9179803845840131
KIF20A,-0.07127749917507008,0.09523611318180257,549,0.20926882764948723
UHRF1,0.016806814102494374,0.6943738166810653,549,0.8147660118262324
H1-4,-0.04859588125700553,0.25565773104138434,549,0.417414663879421
POC1A,-0.06348805755291337,0.1373634465990601,549,0.2680765760839754
H4C4,0.023312420586883143,0.585714616688591,549,0.7307368056659157
GTSE1,-0.012806321189754215,0.764642447159205,549,0.8561944642999144
SPAG5,-0.05259832983418003,0.2185244741430774,549,0.3740191951292204
BUB1B,-0.027105928254665842,0.526223704857083,549,0.6857920969653624
CDC20B,0.05887457917909948,0.1683495574656702,549,0.3070212678274079
KRT14,0.03289185055008538,0.44181481079011925,549,0.6097774661318175
TACC3,-0.09649047613867526,0.02376118346323522,549,0.07290504847381095
TTK,-0.014652532528573991,0.7319327423286582,549,0.8335883235986765
ESPL1,-0.07623839343969299,0.07428573189803034,549,0.17508068667096263
NCAPH,0.007692408245898164,0.8572854522069273,549,0.9211761572741075
MYCN,-0.038382919780550515,0.3693873566413953,549,0.5405778926157428
VAV3,0.005193613773247614,0.9033633530915728,549,0.9454178690815116
NUF2,-0.050518201036329556,0.23731045641583284,549,0.3957431149074302
TGM7,-0.1301791858694684,0.0022411791347981586,549,0.01154157889241871
CDCA2,-0.0018518317070429073,0.9654696096123264,549,0.9836595230214874
COL9A1,0.04468395368054445,0.2959701738353641,549,0.4611931346575437
LAD1,0.035664530914022365,0.4042768337114979,549,0.571462658535358
HTR3A,0.01899596467917168,0.6569592381079865,549,0.7901083841031237
CAMP,-0.023985277632438518,0.5749388123261433,549,0.7242494306134284
CDC6,0.011132601593293231,0.7946642075049797,549,0.882205563697361
FGF8,-0.03793535527905514,0.37499964553685305,549,0.5452420219310712
E2F1,-0.10880394225853125,0.010737585022483204,549,0.03947244305434863
PRSS1,-0.07929070193028039,0.06337807023752383,549,0.1566362877540494
KIF4A,-0.038062230537999356,0.3734033658842838,549,0.5439254269301843
NECTIN4,-0.13116741182314956,0.002072362025173267,549,0.01086363770146883
DPEP1,0.17270919744752614,4.7399769278300035e-05,549,0.00043630181327821056
CCNA2,0.027886548164785623,0.5143752050108055,549,0.6771448363261617
FOXA1,0.00947063754982467,0.8247784070755313,549,0.8985703242043765
SKA1,-0.04808373310706685,0.26070743863488716,549,0.4227004102138462
SPP1,0.27154524785971484,9.802527146657309e-11,549,2.93824467549805e-09
RDH10,0.1019539417146214,0.01686479691211175,549,0.05528588507827282
FOXG1,-0.01318659234340693,0.7578685876012682,549,0.8526933386967107
SKA3,-0.044541792219188414,0.2975109476032933,549,0.46187290537616177
NCAPG,-0.01423839930959711,0.7392302733232705,549,0.837716120836567
RECQL4,-0.18030364673418403,2.1386644005792906e-05,549,0.0002136836482288197
FBN2,0.007089320874171898,0.868368194076994,549,0.9253622779179634
PSORS1C2,0.046476625086863926,0.27699810767160904,549,0.43996030960341165
MYEOV,0.14407831373728852,0.0007095816460755318,549,0.004412239065224982
ALDH3B2,-0.12824531059064984,0.0026083958869350054,549,0.012811826856416056
PCSK9,0.12265203853702984,0.004000112507413998,549,0.017916212724777638
VIL1,0.11536400539742232,0.006811054906957105,549,0.028035645021946675
JPT1,-0.06531740765317408,0.1263685519253846,549,0.2540465447903948
MCM10,0.01755592331516536,0.6814813766914839,549,0.8048037294578434
TEDC2,-0.14571138232349917,0.0006156153971633075,549,0.003921458368093567
ANLN,0.03683371950932081,0.3890360201761706,549,0.5577754269558406
KRT8,-0.07225160544054886,0.09078685288460586,549,0.20253784546203102
GLDC,0.018547762404567687,0.6645537086761152,549,0.7951517762972147
DEPDC1B,0.04450335753744306,0.29792842666500113,549,0.4619076004925548
STC2,-0.040438826460125976,0.3442815946007833,549,0.5133484490922393
KIF11,0.0021997889629814965,0.9589866358726086,549,0.9812770687838911
CDC25C,-0.10391375765553104,0.014857867326855562,549,0.050339633418162916
FUT3,-0.023606340669094,0.5809959907969953,549,0.7295212816774301
EXO1,-0.005914693180458408,0.8900262213057225,549,0.9388905444240425
SPINK5,0.12035699925197957,0.004744337113454975,549,0.020694515244883825
LMNB1,-0.012162259183917674,0.7761560896093782,549,0.8657695312532091
PIMREG,-0.059011389472081115,0.16736106289415376,549,0.3056954414426027
ECT2,0.06819795417378283,0.11045625220872143,549,0.23140386887454364
MAB21L4,0.015242892004887936,0.7215717003030842,549,0.8283905202100014
CCL20,0.20378809669521342,1.4746619528814486e-06,549,2.1282466949610045e-05
COL2A1,-0.03313534426857068,0.4384406310262169,549,0.6070853138994727
CDKN3,-0.03567656945184767,0.4041181135825919,549,0.571462658535358
CDK1,-0.035884560575239054,0.4013817646683011,549,0.5694360229335486
LAMA1,-0.03271023021890558,0.44434121240663754,549,0.6110998556510109
FGF18,-0.11425326617859825,0.007368421816655576,549,0.02949892158791222
XDH,0.1342811314044111,0.0016136440994527338,549,0.008652981432386448
SLC7A5,0.0940947345901277,0.027483710218535694,549,0.08113246779158644
DLX3,-0.060490684612914,0.15694892470036859,549,0.2926208819373698
FAM3D,-0.009471278968367412,0.8247667319700238,549,0.8985703242043765
ZNF750,0.0010801325022487076,0.9798550474792761,549,0.9915743346804241
LRP4,-0.007917949387376217,0.8531478320791743,549,0.9200459554433162
ERMN,0.05766302178901742,0.17729487642542952,549,0.3183682189574917
VAX2,-0.22109231600436582,1.66372564725768e-07,549,3.0871353676892507e-06
TFCP2L1,-0.02867213529344182,0.5025924977529689,549,0.6653822487009654
ASPM,0.01075984243874098,0.8013936846375664,549,0.8861190215593001
CXCL1,0.25937865150492556,6.851513127623324e-10,549,1.704131669402482e-08
SMPDL3B,-0.06512696668733525,0.12748025657512843,549,0.2547425981817524
MTFR2,0.04121879466746424,0.33504809344486847,549,0.5053822209510338
AUNIP,-0.037757969426354815,0.3772384618584736,549,0.5464581932001928
SBSN,-0.0452535685859098,0.28985007984522476,549,0.4554230421224029
SLC25A10,-0.2658741537669383,2.4562686995726374e-10,549,6.677623511163751e-09
KPNA2,0.022010073210264672,0.6068329827839394,549,0.74691092371848
PADI3,0.0260944841678077,0.5417799078246837,549,0.6998239914332102
CENPU,-0.011187572747941302,0.7936730799759513,549,0.8819428046500828
ELF5,-0.027184879058601806,0.5250190733989035,549,0.6856131053648483
NLRP2,0.04982548378565617,0.24381200993256757,549,0.4031347094924632
LARGE2,-0.15650193450600297,0.00023204078013132755,549,0.0017168080504653285
KRT17,0.028337992827642225,0.5075867113799095,549,0.670271577478645
HSPA6,0.043500351492682686,0.3089611187279388,549,0.47585711171668044
ERN2,0.0224488844999148,0.5996795102696182,549,0.7441882669906408
SIX3,0.007238120642746151,0.8656312635358661,549,0.9239213887412728
OTX1,-0.09858674602842422,0.02087006373451843,549,0.06540778687842372
NUP210,-0.020653997567888972,0.6291758833311697,549,0.7669516242066083
CBX2,-0.09876655931276195,0.020636946610295987,549,0.06500891546326945
PYCR1,-0.0557154408751872,0.19240694931532953,549,0.3387405478156931
F12,-0.05405187449461712,0.20604566554676532,549,0.35790101489475284
LRRTM1,-0.044778897947796006,0.29494412102769907,549,0.4605804438925115
NKD2,0.12124972571079459,0.004441144791228156,549,0.019517662635134266
NOTUM,0.010621181299654437,0.8039007388191549,549,0.8865660034713133
CRACR2B,-0.20590076908851593,1.1408494361050115e-06,549,1.7320168711776083e-05
KRTAP11-1,-0.007205795377451446,0.8662256989396364,549,0.9239213887412728
ANKRD22,0.23739739571249285,1.797851246210394e-08,549,3.623600184172329e-07
TNNI3,-0.12459888873307709,0.003453492946442469,549,0.015770051774965807
ORC1,0.01914540920414041,0.6544347918708111,549,0.7878828750741279
SCEL,0.13207902048588172,0.0019270322625267759,549,0.010147300517539645
SCD,0.04061838922913472,0.34214165483061443,549,0.5108091883741868
TMEM132A,-0.140393283076064,0.0009724720525741264,549,0.005655820047060466
TACSTD2,0.06780300310753824,0.1125396663846447,549,0.23492655357794578
H2BC4,0.10111628613131955,0.01779255471585741,549,0.057141473799003605
CCNO,-0.012647426762539842,0.7674782324728334,549,0.858547419866739
KRT15,0.09332650544993623,0.028779063135342765,549,0.08452945930958716
RAD54L,-0.020879103346495953,0.625442744455524,549,0.7631968353533481
E2F2,-0.034035194592810965,0.42610000612940724,549,0.5942198294962461
APOBEC3B,0.051806851018329915,0.2255427984306253,549,0.3826698568438331
RAD51,-0.023322781482408145,0.5855479804418899,549,0.7307368056659157
GINS1,0.01954529172686465,0.6476993160507506,549,0.7825084733073506
GGH,0.013088320317359074,0.7596173780137497,549,0.8538391489404553
CCNA1,-0.014283689128034373,0.7384310565260817,549,0.837716120836567
DEPDC1,0.013381342684618283,0.7544065830805865,549,0.8512560768544455
CTSE,0.30616787115996374,2.2297471900838974e-13,549,8.408304726477664e-12
ALPL,-0.06736635228677829,0.11487887932390925,549,0.237646529592326
HAPLN1,0.022290332629526077,0.6022598192509017,549,0.7458177594422023
SERINC2,-0.101138294516301,0.01776761982099654,549,0.057141473799003605
PRR11,-0.04788219638046131,0.26271330246005514,549,0.423602552518351
SIM2,-0.01471762606912,0.7307878912325976,549,0.8334546779033235
HMMR,0.051284135804934655,0.2302650286193618,549,0.38842686645892344
ADAMDEC1,0.4993183267248676,5.8764043211973047e-36,549,1.1449194419132748e-33
CXCL9,0.4978130473092781,1.0178005758348299e-35,549,1.383769992067243e-33
SGO1,-0.03233188829171821,0.4496303961658046,549,0.6176473949680676
GOLT1A,-0.0817572018813049,0.05555984701878138,549,0.14177494242906946
TNNT1,-0.06759849790946441,0.11363053065980891,549,0.23588154612356846
H1-3,0.05194091415314504,0.22434285640015317,549,0.3811872080403766
KIF15,-0.0017832990993451167,0.9667467583755249,549,0.9836595230214874
EZH2,0.000764809786200275,0.9857352029350809,549,0.9943985769878456
CALML3,0.01553340687522299,0.716491556813364,549,0.8276468675047653
CASP14,-0.09585982709516239,0.024696140812793668,549,0.07497463038602879
DIAPH3,0.05971078500694392,0.162375567008394,549,0.30081939434677113
CDC25A,-0.08140017045046924,0.05663932864118507,549,0.14393777213379425
PKP1,0.10550865547390559,0.013382703222614699,549,0.0468038940196418
CSPG5,-0.17421247609901477,4.059805175556942e-05,549,0.0003766597023988941
SLPI,-0.038663359694830327,0.3658974300190727,549,0.5373543915732362
DNMT3B,-0.018660422920005786,0.662641483479383,549,0.7938514536469647
H2BC8,0.00738513530663824,0.8629287443281706,549,0.9237762839923365
KRT18,-0.11697890717634647,0.006068020688658773,549,0.025608361678852366
MEX3A,-0.16797470035960965,7.655467774616358e-05,549,0.0006438303473760088
CBLC,-0.1286497280205984,0.0025273480849050465,549,0.012587306105691098
PACSIN1,-0.1303603221396688,0.0022093251633745936,549,0.011427881044180974
H1-2,0.01484859363045315,0.7284862756416157,549,0.8316410705322742
MNX1,0.04661611634664494,0.27555731502352815,549,0.4382673486564686
IGFBPL1,0.05595432810651673,0.19050408903461388,549,0.3364037463466218
EFNA3,-0.338285898531295,3.6477071747690943e-16,549,1.7767373697104463e-14
VTCN1,0.005518074124033201,0.897358518386326,549,0.9409052312921236
PODXL2,-0.12538731819813548,0.0032521160631174078,549,0.015071853615854553
HAPLN3,0.044434243113194896,0.2986801318877383,549,0.4624597008963789
CILP2,0.00021060189826717225,0.9960717803185327,549,0.9977788442093957
SLC16A3,0.06506887711626255,0.12782086193053746,549,0.2549873508477786
MSMB,0.07319436458137445,0.08664106385319342,549,0.1966668031929769
TRPM2,0.07885728311336322,0.06484141785808176,549,0.1585766055985305
GDA,0.10561507329393749,0.013289035485097656,549,0.046651298744982465
FAM111B,0.010430305205942396,0.8073551504695554,549,0.8885355745215213
ACBD7,-0.09174758232075451,0.03160668374901409,549,0.09025159028761744
OVOL1,-0.05218641067319402,0.22215733166843082,549,0.3780231742654958
SPINT1,-0.01590421385084542,0.7100255302870003,549,0.8238137518679216
SLC10A4,-0.046731081013512865,0.2743736952562737,549,0.4375755112613697
KIF18A,0.05861524605503991,0.17023529921972877,549,0.3099643060075428
SYT13,0.02196788687019728,0.6075227006930686,549,0.74691092371848
ESPN,-0.15071887023977126,0.0003945993326776024,549,0.002697582572515305
RAD51AP1,0.041695403992577526,0.3294849057293892,549,0.4989220917068083
KRT23,0.16771017582792144,7.860318161292491e-05,549,0.000656336566467923
DTL,-0.0017753942439834509,0.9668940759203358,549,0.9836595230214874
CKAP2L,0.009264017463131978,0.8285413055310691,549,0.9009904987589021
KIF14,0.005513578102565709,0.8974416876738389,549,0.9409052312921236
TRIM15,0.18183357070959832,1.8145179323773265e-05,549,0.00018606767218851705
SERPINA1,0.2655816753148332,2.5739346200864535e-10,549,6.686510157513476e-09
MAGEA11,-0.04465495433641162,0.296284041170073,549,0.4611931346575437
E2F7,0.026365232788525435,0.5375934103306328,549,0.6974991084090009
TBX18,-0.007281813301212171,0.8648279115238842,549,0.9239213887412728
EPS8L3,0.20967242581334689,7.166861975510914e-07,549,1.16185498575034e-05
LIPG,0.06176379083403136,0.1483866996467612,549,0.28068616810204505
EPCAM,0.025142921376019384,0.556621118531583,549,0.708812731550567
MAGEC2,0.03687486862569516,0.3885060574133554,549,0.5577754269558406
SERPINB5,0.09421788043758864,0.02728080273845679,549,0.08077334897202758
ARHGAP11A,0.002136985506615757,0.9601565723799462,549,0.9812770687838911
PLA2G3,-0.06258938475881505,0.14302739626791086,549,0.2754514435538514
IGSF9,-0.185982500607366,1.1540058395408595e-05,549,0.00012607783424516494
GDF5,-0.052306957944984536,0.22108974766810927,549,0.376754978169125
SHCBP1,0.045408640287196024,0.28819876877757433,549,0.4540490036401407
KLK5,-0.01720959154407875,0.6874306229581657,549,0.8084571410846033
BSPRY,-0.05985024349030572,0.16139496843612905,549,0.2994773303203728
OASL,0.21689093882464713,2.8737790048380555e-07,549,5.2491369635245105e-06
SLC5A1,0.03804428890686256,0.3736288433061916,549,0.5439254269301843
KNL1,0.0077418679220783194,0.8563777606159647,549,0.9211761572741075
HASPIN,0.08236151298243015,0.05377169496109565,549,0.13876183534110556
CHEK1,0.009673617834441098,0.8210857009049652,549,0.8977637641759662
CHST6,-0.009168361852339357,0.8302846898894001,549,0.9020472142014021
IDO1,0.2833182540370486,1.3584496599881438e-11,549,4.4111879236837227e-10
STIL,0.05290839566374037,0.21581811467668244,549,0.37156314588665945
LHX2,0.03687814784928387,0.38846384290091285,549,0.5577754269558406
CP,0.08589641780978387,0.044246350685360335,549,0.11890571023261204
MST1R,0.009675721127918915,0.8210474574105369,549,0.8977637641759662
RACGAP1,-0.0042030451698993046,0.9217286441595574,549,0.959484225309459
CDX2,0.09872766134061349,0.02068718267950063,549,0.06500891546326945
SEL1L3,0.09421047860439989,0.027292962227502902,549,0.08077334897202758
PLEKHS1,0.0606736724697073,0.15569576032744734,549,0.2912133501164575
FGFBP1,0.08434333984596094,0.04824046210148467,549,0.1270114869293594
SLC6A14,0.17971838682831773,2.276633132274641e-05,549,0.00022554102810415724
FEN1,-0.057182764584942404,0.18093684236265856,549,0.32292392171289747
CDCP1,0.124934567646067,0.0033664107994245177,549,0.01543268323344024
ENTPD8,-0.030782434669715156,0.4716591324625959,549,0.6381591734360818
ST6GALNAC1,0.03878019152878553,0.3644495944794952,549,0.5365762921240931
GJB2,0.15696781141557978,0.00022214429699366454,549,0.0016646582255486785
PTK6,0.016090811770601024,0.7067795124892475,549,0.8229683586545334
CYP4X1,-0.03397021549707921,0.42698430862005704,549,0.5942198294962461
IGF2BP3,0.07931781122142016,0.06328745311425295,549,0.1566362877540494
PIF1,-0.09632490998292124,0.024003627281926006,549,0.07307354242857161
RPTN,0.05080531726030459,0.2346518363538993,549,0.3924291798250476
CCNF,-0.0776135425865731,0.06919563291859494,549,0.16453044920432175
KLK12,-0.01521296319848919,0.7220957571377172,549,0.8283905202100014
TPH1,0.044885836392566957,0.29379129769001733,549,0.45976174966483296
E2F8,0.015436669230959882,0.7181818018866588,549,0.827999616682875
ERCC6L,0.021059319570939258,0.622460933519592,549,0.761147313058999
TM7SF2,-0.2609266048059874,5.379178670189928e-10,549,1.3670130142287014e-08
IDH2,-0.019524477755900518,0.6480491964584562,549,0.7825084733073506
HMGB3,-0.0852018812028385,0.04599672732580568,549,0.12248331262839827
MCM4,0.01502206460923704,0.7254414650042181,549,0.829785785313044
CTCFL,-0.06013476843660366,0.15940818033535528,549,0.2967327433312585
GRB14,0.01035456082544453,0.8087269899836601,549,0.8885355745215213
CRYGC,-0.12791994094512985,0.0026753144816350468,549,0.013031010954297373
TUBA1C,0.04519441150768183,0.29048169611708685,549,0.45580282249781817
RHPN1,-0.15561420112335514,0.00025205074350154606,549,0.0018301075723807909
DUSP9,-0.05693199821769342,0.18286036918923446,549,0.32486895377236336
RNFT2,-0.13819273514478403,0.0011697022177549162,549,0.006605709625871967
PAX9,0.04824095042138023,0.25915003264398884,549,0.42134407254634626
XG,0.09254716195037953,0.030146378287332166,549,0.08766446820370971
MYH7B,-0.06534765614900878,0.12619267041452306,549,0.2540465447903948
ESRP2,-0.051187282662692506,0.23114764635712526,549,0.38903413983251306
GRHL3,0.0630037865024674,0.1403937817413467,549,0.2708256284746441
NFE2,0.023501186466927133,0.5826821090252592,549,0.7297560543036038
GALNT14,0.1143491072390451,0.007318768744464265,549,0.029400827018139952
TLCD1,-0.11022876847933688,0.009745345229767137,549,0.03686831253591515
MAD2L1,0.025602163049705445,0.5494338477751181,549,0.7051489347771083
KIF23,0.028672026511471545,0.5025941194208319,549,0.6653822487009654
MSX1,-0.0696143679223732,0.1032334031213776,549,0.22143091421814756
PSAT1,-0.0410120349117597,0.33748014045991864,549,0.5070877688915744
KRT81,0.08814183066834144,0.038966402372925174,549,0.10743331220271114
HMGCS2,-0.022236648227673277,0.6031346205722407,549,0.7458177594422023
TRIP13,0.004517570100913406,0.9158923212673911,549,0.9559626103228395
DMBX1,-0.07827095703560313,0.06686515472415581,549,0.16162057667085683
RCOR2,-0.2106879772480334,6.314321925639697e-07,549,1.046666305378517e-05
LAMP3,0.3259868333561871,4.660234218875563e-15,549,1.8159379339551777e-13
CKMT1B,-0.16922461747044082,6.753793175405914e-05,549,0.0005936228738383093
DSG3,0.06193793850141846,0.14724368496263887,549,0.27897547442678255
CLSPN,0.03658152996231898,0.39229356461673776,549,0.5599403871025231
PFKFB4,-0.20763813719789304,9.219126959102191e-07,549,1.4369545886920613e-05
MCM2,0.03716525136186416,0.38477867279334627,549,0.5553163808585454
SEPTIN3,-0.12007456061690726,0.004844079595361135,549,0.020973070544359877
DSP,0.05946921651600365,0.1640847476126869,549,0.3020709763137496
ITGB6,0.15154328978428538,0.0003662502720905148,549,0.002518509223963599
OIP5,-0.061385737233529504,0.15089129219933864,549,0.2845030977113337
KLC3,-0.0923692729442796,0.030466164393273616,549,0.0879381387055231
SPAG4,-0.12860915001396037,0.0025353752324158985,549,0.012587306105691098
PROM1,0.14568131959779682,0.0006172355344133588,549,0.003921458368093567
AKR1C1,0.07680173755345088,0.07216478446675595,549,0.17077051223003584
SLC2A1,-0.10133076607888146,0.017550852996377854,549,0.056833648622619706
DLL3,-0.06512785595546547,0.12747504787237338,549,0.2547425981817524
COL9A2,-0.10935459658207058,0.0103439612919087,549,0.038421472135782106
SLC2A6,0.10906269830046307,0.010550994093610138,549,0.03903200030199447
CLDN4,-0.018908119123507424,0.6584449688169974,549,0.7910813654132272
SIGLEC15,0.041027340627829915,0.3372997175389568,549,0.5070877688915744
ST14,-0.025203476671706897,0.555670799610644,549,0.7083742254578439
FOXA3,0.1062899548499431,0.012708355476632035,549,0.04492927968429107
DSC2,0.037558932631327036,0.37976029895165575,549,0.5494304325179277
KRT4,-0.0180447096365066,0.6731186376504075,549,0.8011538533209002
ETV4,0.007300938063173315,0.8644763192058463,549,0.9239213887412728
PLS1,0.06390980640272186,0.1347655479063631,549,0.26433041191701084
SLC39A4,-0.20200666470859127,1.8271543198046979e-06,549,2.5427897617282043e-05
SLC18A3,-0.033237586531796946,0.4370282388838974,549,0.6060332280608257
LRRC31,0.06756606933622257,0.11380427032822293,549,0.23588154612356846
TRAF4,-0.06443743405093173,0.13156897839436216,549,0.2601343294219578
ESCO2,0.05141891853058695,0.229040741197814,549,0.38691998043387943
KRT83,-0.0789204260471783,0.06462651469277704,549,0.15838238087181625
PNP,0.027490436251953545,0.520370185142081,549,0.6827303551415181
PKP3,-0.04082376958528688,0.33970445926477644,549,0.5087096538686124
C1orf116,0.11628284762184489,0.006378864028270963,549,0.026727211645336042
DLX5,-0.0580892809874502,0.1741082581195515,549,0.31329264697159087
ACY3,0.11504135527828244,0.006968932470577379,549,0.028426109293047837
SRMS,-0.005634372471614921,0.8952075762235918,549,0.9406778700640368
RAP1GAP,-0.14879647256337458,0.00046883598591684954,549,0.003096436539755916
PLA2G4F,-0.1423018445091028,0.0008267800175701499,549,0.004956440207894899
KCNH3,-0.18453403243878297,1.3530807804719444e-05,549,0.00014645846596034287
NEIL3,-0.0031064143164185208,0.9421085966842241,549,0.9720432034632461
POLQ,0.024676212708291526,0.5639717602492141,549,0.7150574704244375
CYP2D6,-0.0911940304514826,0.03265273988883752,549,0.09242385697348925
HROB,-0.05332764137717323,0.21219719494209538,549,0.3658680249075361
CTHRC1,0.2106340900932262,6.35699809083616e-07,549,1.046666305378517e-05
OCIAD2,-0.0075813054561409245,0.8593251122979995,549,0.9216064736480379
EME1,-0.06719930066246953,0.11578382727712859,549,0.23829453184324528
PITX2,0.05905455473796946,0.16705008537082858,549,0.3056954414426027
DPP3,0.02390534518331575,0.5762140240519835,549,0.7250744823646597
SPTBN2,-0.08638738709338208,0.04304311648863823,549,0.11620647384576928
FASN,-0.06300622595465244,0.14037838936425936,549,0.2708256284746441
VGLL1,0.03183001324661708,0.4567011803972675,549,0.6255819383175435
TICRR,-0.053828729344773445,0.207927099307013,549,0.3600989319850344
LGR5,-0.11966798286828927,0.004990984820178634,549,0.021450225201429498
MESP2,-0.19919008139803224,2.5542429882163306e-06,549,3.43208052094815e-05
DPPA2,0.05928823862139632,0.16537405989140358,549,0.3039658427878157
ULBP3,0.027332267270043988,0.5227739969949959,549,0.6835825531176177
PDCL2,-0.07416144570465061,0.08254810857274392,549,0.18921321357164242
TNF,0.16865788739358203,7.14944403439605e-05,549,0.0006190888945339988
CRYBG2,0.07236894492368945,0.09026234086941522,549,0.20175272748823403
DNAJC22,-0.013978410405357878,0.743823637014315,549,0.8409379416535148
NDC80,-0.007782624618809853,0.8556299297442033,549,0.9211761572741075
MISP,0.020000072521312202,0.6400739874560247,549,0.7753849651151222
TMC5,0.1427390962890681,0.0007963782577188308,549,0.004823658980690742
H2AC14,0.030998568520674237,0.46855116742126857,549,0.6354249590666624
IGLON5,0.09782704137576136,0.021880416508266765,549,0.06784670264764947
ARHGEF16,-0.03785336915886157,0.3760333864316908,549,0.5456021017822311
FOXF2,0.17518000781716267,3.672065050686672e-05,549,0.00034618097131070317
GRHL2,-0.11214985803953138,0.008536788165948833,549,0.03337627212707085
RBBP8NL,-0.3046419441513375,2.9678665092298955e-13,549,1.0513442270574994e-11
CENPE,0.02744500214744675,0.5210600990432065,549,0.6828691208312875
PGAP6,-0.03180734045868535,0.4570220757305392,549,0.6255819383175435
SLC4A11,0.03635257752260993,0.3952651942145457,549,0.5617876862584122
FOXI1,0.03310751158800685,0.4388255690719029,549,0.6070853138994727
HAS3,0.17752598456934965,2.8723266888516627e-05,549,0.0002798124916056328
CLIC3,0.028309927079820583,0.508007371810162,549,0.670271577478645
KRT28,0.059073345219973844,0.16691484759516792,549,0.3056954414426027
GPR50,0.0751582071685981,0.07849457091447688,549,0.18263688940492892
PADI2,0.06928599393308442,0.1048736407399599,549,0.22412666549362548
FZD5,0.07930212741269342,0.06333986571626075,549,0.1566362877540494
PLK4,0.017921829602507603,0.6752172761282832,549,0.801349234308592
RAB11FIP4,-0.1119900210674412,0.008631985213815441,549,0.03347532782697401
GJB5,0.11108132778259909,0.009191391372039868,549,0.03513904652697881
TMEM72,-0.12029980610115089,0.00476438375577764,549,0.02070470115429019
HK2,-0.059013420068822736,0.16734642405695901,549,0.3056954414426027
LSR,-0.010761582560074845,0.8013622353776152,549,0.8861190215593001
KLHDC7B,0.2692618104449149,1.4226330363356946e-10,549,4.157645048691068e-09
GALE,-0.01741758859384802,0.6838553309626748,549,0.805873872878394
MUC1,-0.02784332495712178,0.5150276243172249,549,0.6772410492990281
TRIB3,-0.006516547550411378,0.8789178362594814,549,0.9315094746938656
PLEKHG6,-0.03893183359259703,0.36257570735099237,549,0.535165406430947
ESRP1,-0.00810813667562553,0.8496619128485049,549,0.9179803845840131
APBA2,-0.030908945866466517,0.4698385508363345,549,0.6364325213530417
KRT75,-0.05710388577525479,0.1815402676901425,549,0.32350697092953745
LGALS4,-0.06986939386751413,0.10197362741718297,549,0.22116358154116306
AP1M2,-0.19484047124348672,4.245225103751669e-06,549,5.279434198176277e-05
SPDYC,-0.026908067223891954,0.5292488440651453,549,0.6882001098021745
CCDC167,-0.1345148505517059,0.0015832881430148144,549,0.008529326447854
PGD,0.02405292605364402,0.573860616234472,549,0.7236710467940645
TIMELESS,0.01773283905948632,0.6784499156670161,549,0.8035541554354021
AGMAT,-0.06241909341107619,0.14412053128299712,549,0.2757396089522482
FANCA,0.0038677792137199315,0.927954461547023,549,0.9623003027678341
TMPRSS2,-0.029958626591389547,0.4836086278543049,549,0.6483239517909202
DNA2,0.006889452262655012,0.8720469244707538,549,0.928436115397369
LMO1,-0.07776916709170645,0.06863803177993649,549,0.16377045229188306
FANCD2,-0.02196275385043764,0.6076066458672498,549,0.74691092371848
AKR1B15,-0.038561892608151245,0.36715775830871994,549,0.538528757167997
PAQR6,-0.14527563537734653,0.0006394890993991453,549,0.004040879768635681
LRP2,0.041166546383982296,0.33566160706387493,549,0.5056551786825642
GALNT6,0.04207084606988879,0.3251448526653168,549,0.49427091386964284
TMEM52,-0.15563276657927852,0.0002516162347951941,549,0.0018301075723807909
GINS4,0.002850957876919692,0.9468619644697504,549,0.9743676377333963
EFNA4,-0.20944118702883813,7.375899176904446e-07,549,1.1651927213244996e-05
KLHDC7A,0.06766763158122811,0.1132608348826585,549,0.23577462707078764
TTYH3,0.04365783073630583,0.30721130823538845,549,0.47378630518096193
SLC52A2,-0.0765057781355496,0.07327279914791819,549,0.17304222667457853
SLC29A2,-0.1987060747477165,2.704305459090539e-06,549,3.592423956450955e-05
MYO10,-0.01755073772304836,0.6815703098060436,549,0.8048037294578434
TONSL,-0.0931892334859907,0.02901596242882342,549,0.08501167939672827
NR0B2,0.0019394423612111773,0.9638370583923337,549,0.9831810831244661
UBE2S,-0.09306928323561087,0.0292243369767801,549,0.08540812481463984
IRF7,0.08976325417632107,0.035494391143630226,549,0.09974265203582629
SPINT2,-0.02964127332919962,0.48825523586475295,549,0.6530553440799728
CYP4F11,0.06801637701793423,0.1114102891772977,549,0.2329850233421485
PRSS22,0.07513541542020662,0.07858541947876753,549,0.18263688940492892
KCNJ15,0.05730849170888262,0.17997809809103635,549,0.32219662583219216
ABCG1,0.010992853223986668,0.7971853498158606,549,0.8841647760291662
TBC1D7,-0.08006973359675264,0.06081628120006504,549,0.15256273116497002
ELF3,-0.016027209996337676,0.7078853217531988,549,0.8234009364472532
ANO9,-0.10276378720796576,0.016008382388735913,549,0.05301359493606879
NFE2L3,0.12534793912561054,0.0032619152821310535,549,0.015071853615854553
PROM2,-0.09192649239795346,0.03127478200594991,549,0.09004980336195922
ATP6V0A4,0.02467665120213972,0.5639648321633983,549,0.7150574704244375
FA2H,-0.0344005575873711,0.4211476478657513,549,0.5896067070120519
NR2F6,-0.20685203114065148,1.0154503097527822e-06,549,1.5619229106592138e-05
NEUROG2,0.01948982264891003,0.6486319167107124,549,0.7825084733073506
XRCC2,0.013553689831920622,0.7513469286811867,549,0.8486227629259008
SCNN1G,0.00046402791057001804,0.991344924813059,549,0.9956032793010876
HOXB6,-0.07062480736526448,0.09831354460807566,549,0.21481968905951485
ENO1,-0.06219094136289303,0.14559508286940104,549,0.27674902743793467
CA6,0.07520699090435722,0.07830040400835374,549,0.18263688940492892
OPRK1,-0.11005147164704568,0.009864204009680449,549,0.03707798870519757
USP18,0.11268172934321073,0.008226716115472064,549,0.03239835567861147
MAP2K6,-0.004003756603971992,0.9254288384386837,549,0.9623003027678341
DLX2,0.025534793774785222,0.550485334802689,549,0.7056111363863414
TRAIP,-0.13109082931746566,0.0020850163412601433,549,0.010881179030951373
MSI1,-0.17625195354284745,3.28350491633021e-05,549,0.00031462436452377174
SLC30A2,-0.08441344833192156,0.04805386369190387,549,0.12680579380549803
IL19,0.12168817832962832,0.004298744071952503,549,0.019034969015577562
OAS3,0.256815992704646,1.019125239359113e-09,549,2.4819945933558397e-08
B4GALT1,0.04709367215290394,0.2706633453594045,549,0.4332220318817736
MROH6,-0.049464684830802075,0.2472472979147765,549,0.408237417037251
TRIM17,0.07798521290444231,0.06787005190203423,549,0.16258215301942217
LAPTM4B,0.12236571772529653,0.004086799644422468,549,0.01823461368064834
RASSF6,0.10390313705088965,0.014868151440703706,549,0.050339633418162916
KRT7,-0.10777102120885777,0.011511908101149413,549,0.041793231584607654
COMP,0.1451942123706773,0.0006440442394735566,549,0.004047783419056923
RHBDL1,-0.2396970828247248,1.2960359630205156e-08,549,2.754665528674514e-07
SDS,0.4384732326632316,3.3612612546733636e-27,549,2.432757736329044e-25
CKMT1A,-0.1329402623594885,0.0017983661869197926,549,0.00955586396595108
LLGL2,-0.07281074607769837,0.08830925176260766,549,0.19890850734198143
WDR62,0.0025281654646259174,0.9528709540001354,549,0.9771106537071564
BLM,0.04304440920593532,0.31406424212213646,549,0.48225642994342605
COL17A1,0.07956882886613822,0.062453447986858715,549,0.15566754945978217
SLC9A2,-0.03837552399822775,0.36947967168518264,549,0.5405778926157428
GAPDH,-0.11579695483010072,0.006604244040341274,549,0.027377167670776414
NRCAM,0.05373082264550496,0.2087565031070824,549,0.3610005209055907
SLC29A4,-0.06325153043994204,0.13883717478585766,549,0.2691553189463808
FANCI,0.03422821130637035,0.4234795275491604,549,0.5921621623265174
CYBA,0.09505716492434216,0.025931945773636583,549,0.0777293451522594
ALDOA,-0.07489094607677832,0.07956525735613709,549,0.18454719414548462
STXBP6,-0.10410209550331605,0.014676531984172101,549,0.05016627453069353
GALR2,0.0023888618554714987,0.9554650264312228,549,0.9789120209448724
IKBKE,0.12759363407921503,0.0027439937463191017,549,0.013310077549572738
H2BC5,-0.05117161898701542,0.2312906135017935,549,0.38903413983251306
INAVA,0.11322770809496864,0.007918912237157606,549,0.03148710341917429
IL1R2,0.16721703090495724,8.256084411004199e-05,549,0.000684493806841412
CENPK,0.058076879843063894,0.17420035973612835,549,0.31329264697159087
THEMIS2,0.20574604859917928,1.1626017111576994e-06,549,1.7424120517222444e-05
STXBP2,-0.047070175247750944,0.270902741920938,549,0.4332220318817736
ESM1,-0.1977869468087704,3.012809805653684e-06,549,3.913305180899063e-05
GBP5,0.4980645602500638,9.287233787544461e-36,549,1.383769992067243e-33
ARHGEF39,-0.11969055373086897,0.004982725337485989,549,0.021450225201429498
TBX15,0.0976533766256676,0.022117250254810726,549,0.06839964430654429
RTKN2,-0.013286412526113575,0.7560935113569566,549,0.8515157175108692
CENPO,-0.012503762269767722,0.7700448859333475,549,0.8597731343420089
TCN1,0.18896549792724138,8.283045924521976e-06,549,9.587010579966524e-05
FOXN4,-0.01199129908952527,0.7792206485062789,549,0.8683593308902193
SSC4D,-0.0740083657326847,0.08318537116872986,549,0.19030078061887515
KLRG2,-0.10390474033707739,0.014866598550416242,549,0.050339633418162916
ABHD11,-0.09841530233074983,0.021094458291890193,549,0.06575845798191902
H2AC11,0.056486346520343934,0.18631601268546452,549,0.3300051800444061
H3C8,0.01286661073289382,0.7635672817890674,549,0.8558103091192903
EGFL6,-0.09953158484449617,0.019670265808708377,549,0.062315828537615435
DMRT3,-0.12509007417744894,0.003326749019866826,549,0.015310903953639054
GMIP,0.19798477777656912,2.9436901076522248e-06,549,3.866487343646574e-05
LPAR2,-0.06680648775658947,0.11793378196620034,549,0.24060138066053785
GRHL1,0.058163107683270425,0.1735607078232382,549,0.31310565963790965
GPR35,0.07904424449270421,0.0642068077091242,549,0.1576843659915256
ENC1,0.07321461594526092,0.08655370959368149,549,0.1966668031929769
IDH1,0.017623005530167157,0.6803313122402529,549,0.8048037294578434
GPT2,-0.1262014424488997,0.0030554271179264246,549,0.01434455542512446
KNSTRN,-0.10440052070302162,0.014393184894885985,549,0.04963890939794722
EXOSC4,-0.1882976709780587,8.92543427109051e-06,549,0.00010229247708730203
ULBP2,0.09745548781209007,0.02238982685451895,549,0.069059914493226
RCC2,-0.026260474797030982,0.5392113253068531,549,0.6983651114472161
FUT2,0.05857988766448741,0.17049362597335332,549,0.3099643060075428
IL32,0.35544326839049833,8.586991532264449e-18,549,4.3644317831378873e-16
KRT19,0.021880912753235362,0.6089457679333576,549,0.747749582682873
NECTIN1,-0.04866296170988869,0.2550013825132615,549,0.417414663879421
CHAF1A,0.00024069823519386763,0.9955104185382686,549,0.9977788442093957
TJP3,-0.023477904569205277,0.5830557354316219,549,0.7297560543036038
DLX4,-0.06056727597939454,0.15642347565635012,549,0.2921070975116187
NACC1,-0.12914428477668877,0.0024313606366175348,549,0.012304158373185707
BAIAP2L1,-0.0301513157179066,0.4807990405486974,549,0.6460156376865761
HKDC1,0.07145807724244964,0.09439841915560337,549,0.2082108528167931
DLX1,-0.026206033791055093,0.5400530887496009,549,0.6983651114472161
RUNX3,0.3312968321112919,1.5734362182218226e-15,549,6.56909621107611e-14
GRB7,-0.03155068695812983,0.46066337146817754,549,0.6269097569805583
CENPN,0.07859475453348853,0.06574123142000031,549,0.15977442729725647
CLDN18,0.18897521309309012,8.274034389596365e-06,549,9.587010579966524e-05
TPI1,-0.10193646407838104,0.016883713407137207,549,0.05528588507827282
PLAAT1,-0.08846801212372711,0.038245704198213375,549,0.10645054335169389
CXADR,0.028923602423662254,0.4988511364980827,549,0.6648849010793726
EGLN3,-0.05091986124714651,0.2335970818804118,549,0.39204963267148424
ELAPOR1,-0.021528894303813537,0.6147205265200927,549,0.7540485787009321
EVPL,-0.06676703616275234,0.11815142431503904,549,0.2406254617147746
DDX39A,-0.1064456942283914,0.01257757857232637,549,0.04469054513996816
H3C11,0.05076826143336463,0.2349937762347689,549,0.3924396063120641
IGFBP2,-0.09533310851726554,0.025501209438941734,549,0.07701629809761773
ZIC5,0.06878687808745386,0.10740617433239846,549,0.22663866027901408
NETO2,0.06336002232496117,0.13815969432240155,549,0.26865565265752644
PADI1,0.19078177080690745,6.751338210826578e-06,549,8.053382008628847e-05
RIMKLA,-0.14291696776612337,0.0007843097122854992,549,0.004800303945873029
SYT5,0.07008246865883176,0.10093046571894065,549,0.2193080193781443
HMGCR,0.09811872464020366,0.02148758661725249,549,0.06680582115842597
NEK6,0.0554356536527172,0.19465327101649074,549,0.34166617690432083
GPR160,0.07275047954717694,0.08857365603342854,549,0.19912039212130378
HABP2,0.18633508037228624,1.1099503827718776e-05,549,0.000122678133282653
ELOVL3,-0.006205060913336128,0.8846640978680654,549,0.9350563566073855
USH1C,0.0660977053883078,0.12189199654569133,549,0.247381499933877
CENPI,0.03047309333262795,0.47612705562581437,549,0.6423173781940734
MAST1,-0.1542204921376199,0.00028674836516632266,549,0.002031568720481401
GPRC5A,0.04530660197765619,0.2892846301909816,549,0.4551463427903869
GCNT2,-0.04982569502612581,0.24381000848411066,549,0.4031347094924632
COCH,0.09501271108257481,0.026001919824519326,549,0.07773975517867798
VDR,0.2038528397532825,1.4631672216043138e-06,549,2.1282466949610045e-05
HOXC13,-0.018651793931174533,0.6627878689131202,549,0.7938514536469647
REC8,0.043003687708725404,0.31452269086209084,549,0.48225642994342605
PKM,-0.028888357065932752,0.4993746305797169,549,0.6648849010793726
MREG,0.14953560977732333,0.0004388758605581792,549,0.002953741793930675
ZNF695,-0.09914345797161238,0.020155656232794947,549,0.06368097874631701
OAS2,0.3319421570013888,1.3769253903879591e-15,549,5.961576968013053e-14
TFRC,0.04623451216726316,0.27951100547108304,549,0.44227263988191423
PARVG,0.20323930945206525,1.5756351568601216e-06,549,2.219177708878894e-05
LDHA,-0.012517831177637329,0.7697934248585198,549,0.8597731343420089
GLYCTK,0.06477984460096681,0.12952609224489697,549,0.25663729124455015
PROC,0.10742038066436775,0.011785780539025856,549,0.042392546000373
DMRT1,-0.11008569176236234,0.00984116322513623,549,0.03707798870519757
SOX11,-0.06971508512767267,0.10273441438259492,549,0.22143091421814756
TYMP,0.46209064438811964,2.1605433959959016e-30,549,1.942827099937853e-28
GGCT,-0.16481033863826733,0.00010471990925173089,549,0.0008384765336662562
RTL1,0.0015848412975898694,0.9704456140478775,549,0.9850509994343791
CIP2A,0.06909141799274458,0.10585524586757399,549,0.22469596242957404
FGFR4,0.09174925031093514,0.03160357554976506,549,0.09025159028761744
MAPK13,0.11305630192072696,0.00801441863849554,549,0.0317588318250891
AMELX,0.07604218369962412,0.07503626890613911,549,0.17649375925810185
ANKLE1,-0.03979824715256845,0.35198491332957554,549,0.5221705122871495
OAS1,0.27357359644065404,7.020627592029151e-11,549,2.2181388256978588e-09
PCDH19,-0.010685508672235321,0.8027374198727962,549,0.8861190215593001
H2BC21,-0.04298207635768963,0.314766172837326,549,0.48225642994342605
F2RL1,0.13220287351563154,0.0019080243057644055,549,0.01009267155402077
SMC4,0.048469836573222964,0.2568941796335373,549,0.4188414170036333
PAX8,-0.13451579332876448,0.0015831667619504216,549,0.008529326447854
GPI,-0.1156780198780917,0.006660488308748582,549,0.027512759126950857
KDF1,-0.14937062379206692,0.0004454046030070448,549,0.002975302748087059
CKAP2,0.01797157889774858,0.6743673153702017,549,0.8011538533209002
FZD10,0.06334160191132825,0.13827454167721304,549,0.26865565265752644
CES3,-0.06440806408722982,0.1317453584279108,549,0.2601343294219578
CIT,0.005843223851042969,0.8913468008204462,549,0.9388905444240425
OPLAH,-0.06529826202675312,0.12647997353978593,549,0.2540465447903948
GMDS,0.04248131669694431,0.320442518678868,549,0.4896696788700611
FAM241B,-0.1018843212549088,0.016940259324816985,549,0.055316098186343726
SAA1,0.1443981073381174,0.0006901946601694629,549,0.00431463934619306
FSTL4,0.025909011836686802,0.544657140258444,549,0.701989191799472
CDH1,0.024060975919298285,0.5737323792547363,549,0.7236710467940645
DDC,0.041277152412157674,0.3343636931309227,549,0.5050014951809414
DDIAS,0.04790830405285355,0.262452859354129,549,0.423602552518351
RIPK4,-0.006632074000746969,0.8767882199731646,549,0.9300956707337835
ZNF296,-0.068917002984252,0.10674130603245696,549,0.22564301401797865
ISG20,0.2033912452886756,1.5470352973922737e-06,549,2.205468612989717e-05
CXCL11,0.46365462269339364,1.3009260516325252e-30,549,1.267318795298685e-28
SCUBE3,-0.18053684883314225,2.0859326613503758e-05,549,0.00021021166216539562
CHTF18,-0.16569908731928598,9.595447918035777e-05,549,0.0007789637927905433
A2ML1,-0.01493442666493396,0.7269791729960036,549,0.8307318213414743
IL4I1,0.21227488478176526,5.174101665589722e-07,549,9.027649025484156e-06
ADAMTS15,-0.06963054143741851,0.10315314452914881,549,0.22143091421814756
BICDL2,-0.1477871209401663,0.0005128291874558444,549,0.003367962472673495
ATAD2,0.0348136027284984,0.4155897438978591,549,0.5832225817726258
STX19,-0.05674031180377807,0.18434088021212086,549,0.32700225943546174
TSPAN33,0.15243305376367483,0.00033779186681542775,549,0.0023365603095102665
RHPN2,0.12695102273180534,0.0028839639218767458,549,0.013760627855811901
LILRB4,0.5346858751939361,6.421297755771585e-42,549,2.502165692165661e-39
PCK2,0.04009986184690026,0.34834436859412865,549,0.5180846906953389
FAT2,0.01828668532543475,0.668993418739239,549,0.798828709403647
PACC1,0.025325965627181823,0.5537509489214731,549,0.7069097698646837
RPS6KA1,-0.015315123231839757,0.7203074604182788,549,0.8283905202100014
FOLH1,0.07192221364053362,0.0922723192067762,549,0.20429231278924503
TTC39A,0.10255536467542603,0.016225064928119176,549,0.05342845324217273
HMX2,0.08883031912126699,0.03745846665044145,549,0.10450822795791422
SYNE4,-0.2128643418666323,4.803281881935081e-07,549,8.507631090881986e-06
DTNB,-0.16886884883295078,6.999677480722941e-05,549,0.0006106435055944118
SRD5A3,0.06144694522102683,0.1504836257232235,549,0.2841928246695449
PLPP4,0.041707564203133735,0.32934375173872205,549,0.4989220917068083
GPRIN1,0.10828371258867933,0.011121602258065787,549,0.04050203439152307
ASRGL1,0.03900130900968523,0.36171919199406516,549,0.5345761510000786
BATF,0.43830208235712914,3.537799958733426e-27,549,2.432757736329044e-25
RHEX,0.06729482343314319,0.11526568201783476,549,0.237646529592326
CABYR,-0.017324108622421414,0.6854613034310374,549,0.8069529342506372
IGF2BP1,0.05496010957383432,0.19851518011741962,549,0.3474015652054843
TMEM125,-0.08176741689964138,0.0555292153096014,549,0.14177494242906946
MAGEA10,-0.016684560582085558,0.6964863603153859,549,0.8150075627714576
KIF22,-0.07980172817927503,0.06168776877224797,549,0.1544175625155415
SLC14A2,0.0033766191073879275,0.9370830414127445,549,0.9685677059341277
M1AP,-0.04476423375028721,0.2951024400987948,549,0.4605804438925115
ANGPTL4,-0.11741758859384803,0.005879174849508292,549,0.02490128767780867
SLC12A8,0.060927910189606985,0.15396724168716197,549,0.28890482428939385
P4HB,-0.009637212135716385,0.82174772089397,549,0.8977637641759662
CDC7,0.002057647228374095,0.9616346504528945,549,0.9817911846108592
TUBG1,-0.04809693198588736,0.2605764418579399,549,0.4227004102138462
CPA4,0.00011139307685190114,0.997922251650336,549,0.9979222516503361
PHYHIPL,0.10266210275166691,0.01611377770000684,549,0.05321188172685874
ZDHHC12,-0.08539399015885796,0.045506850050377017,549,0.12173342725146621
SLC25A39,-0.14378445215587732,0.0007278402404101964,549,0.004501826672166771
YBX2,-0.1428241430658578,0.000790586566965341,549,0.004813519254075436
RELT,0.07482803926507206,0.07981898492625798,549,0.18476909579959522
BICDL1,0.13553246960450505,0.0014571325879902356,549,0.007959756987666287
BOP1,-0.15681116538122641,0.00022542692049206273,549,0.001678497261498225
CAMSAP3,-0.10889582676108943,0.01067099405629588,549,0.03935139448520468
TFR2,-0.1285307614663863,0.002550947954640291,549,0.012587306105691098
TMEM63B,-0.03883646806705321,0.36375346491994925,549,0.5362267345415141
CCL24,0.18293488486770265,1.6106894569799084e-05,549,0.00017117236138268298
PLEK2,0.055743434101696646,0.19218325079719556,549,0.3387405478156931
PARPBP,0.04171723290794568,0.32923154668033544,549,0.4989220917068083
UGT3A2,0.003222153709677987,0.9399556595685683,549,0.9706785919042901
MIOX,-0.0075859686491610324,0.8592394850052734,549,0.9216064736480379
DDIT4,-0.015319401989259594,0.7202325945863897,549,0.8283905202100014
RDM1,-0.11802163572133605,0.0056277876650659125,549,0.023923213747134735
FOXP3,0.4693920345996295,1.978049037736963e-31,549,2.1021266591950085e-29
SLC19A1,-0.12642473556916542,0.003003404616239953,549,0.01415717740477623
SYT17,-0.005612315772744167,0.8956154571268373,549,0.9406778700640368
ITPR3,0.06919323666242418,0.10534068403997174,549,0.22469596242957404
IGSF3,0.015123884531566715,0.7236563037342089,549,0.829366881436559
CLRN3,0.09581990662180376,0.02475637923781618,549,0.07497463038602879
ENTPD3,0.026216383740459617,0.5398930080091837,549,0.6983651114472161
ARHGEF19,-0.16553537345820374,9.75153787061422e-05,549,0.0007861757083274499
BAIAP2L2,0.06105246665021281,0.15312573061204546,549,0.2882295390486406
PDZK1IP1,0.1536006859355918,0.00030357055158734223,549,0.002137795028949416
GIPC1,-0.07435486853699132,0.08174855107441091,549,0.1881182208779259
RAPSN,-0.07536159194389486,0.07768764195223526,549,0.18163370688432603
GCNT3,0.12040605774201842,0.004727202429327094,549,0.020694515244883825
NBEAL2,-0.06651596737991378,0.11954386413476847,549,0.24303787334529453
OR2B6,-0.060767148662100916,0.1550585323867064,549,0.29048625698727526
TCHH,0.11140795060234823,0.008986707313301059,549,0.034671487951316624
MMP15,-0.027153357192845052,0.5254998651898238,549,0.6856131053648483
PPIF,-0.020002465724614824,0.6400339596994584,549,0.7753849651151222
PCNA,0.03222491759765902,0.451132266245694,549,0.6189831211751364
CDH18,-0.08507671886902984,0.04631826795760214,549,0.12305921646008387
MFAP2,-0.08451336386480578,0.04778897730855836,549,0.1263921141939021
TSPAN1,0.04454621601923266,0.2974629211438868,549,0.46187290537616177
EYA2,-0.09676119819712019,0.023369319969002007,549,0.07189140800990354
H2BC18,0.014220814438356728,0.7395406644168837,549,0.837716120836567
SERPINB3,0.11392473882079816,0.007540919399179543,549,0.03008646681788698
MARVELD3,-0.07376839002267,0.08419236899379039,549,0.1922282799877753
RAET1L,0.13820051151453486,0.0011689445887373504,549,0.006605709625871967
UCP2,-0.03327785452949986,0.43647268781804854,549,0.605981677030046
TDRKH,0.0028595517044158864,0.9467020244830913,549,0.9743676377333963
SGK2,0.0684358265593289,0.109216181282476,549,0.23004273138597198
CYP26A1,-0.09638669753259947,0.023912900732651753,549,0.07298741764091357
PDIA4,0.054917706440980346,0.1988622312947366,549,0.34748871208303
MYCL,-0.011932983271744309,0.7802667793525055,549,0.8686970143457895
SIX4,-0.08835728509863419,0.03848907811466064,549,0.10687347343477027
PABPC1L,-0.022975549439591562,0.5911444981359059,549,0.7351573599158233
PPFIA4,-0.2453251489642258,5.73569951287645e-09,549,1.2416727278801056e-07
SGO2,0.05999702662619978,0.16036769110683388,549,0.2980442462700935
ABCA7,0.11102338449711911,0.009228132834715564,549,0.03513904652697881
HOXB7,-0.11103585816281762,0.009220212341539205,549,0.03513904652697881
MUC2,-0.12346639995572765,0.0037625800070292823,549,0.01691713857006627
CYP2B6,0.10093495033989346,0.01799916972978566,549,0.057646655929094355
CASP6,0.05270384834343193,0.21760075676904345,549,0.3740191951292204
TPD52,-0.02100151970225505,0.6234166056475859,549,0.7615193437847732
APOA1,-0.07152713300289576,0.09407963351111524,549,0.20789998407276697
RGL3,-0.1963366982558026,3.5690622365285736e-06,549,4.486272854303121e-05
FLAD1,-0.17117654950848682,5.543476556394794e-05,549,0.0005062753198769933
AMN,0.08103894031858613,0.05774916287564568,549,0.14612288182170952
FSD1,0.135588323306204,0.0014504833650409409,549,0.007959756987666287
LIPH,0.09522441806122799,0.02567012813824712,549,0.07714236450799712
ERO1A,0.08584398490106282,0.04437650684837726,549,0.11898196446273628
TLE6,-0.12644167388042238,0.002999491425714183,549,0.01415717740477623
SOX17,-0.149661289211367,0.0004339624365770373,549,0.002949430746270678
NKX6-1,-0.000780204653845476,0.985448098059267,549,0.9943985769878456
PLPP2,-0.047784872779488084,0.2636857444135363,549,0.4245848969964517
BNIPL,-0.16680504035457558,8.601045423564438e-05,549,0.0007031204265836943
SAC3D1,-0.15986235454944325,0.00016898253204373592,549,0.001308215761318724
HAVCR1,0.2113649599791436,5.801098332936035e-07,549,9.97277051647386e-06
SMARCA4,-0.09006218702521206,0.03488389136073926,549,0.09826329879687756
TKT,0.023438235411431536,0.5836926000675132,549,0.7297718176245165
KLK13,0.10660808598272063,0.012442482381625408,549,0.04434531068329299
TRPM4,-0.05027735775851129,0.23955691401661428,549,0.39835282003616235
ATP2C2,-0.08421954529535296,0.0485714317711661,549,0.12730942542711474
ST8SIA2,-0.014629883379646082,0.7323312303984951,549,0.8335883235986765
GPR83,0.028581416363239357,0.5039458483942685,549,0.666417077797398
SHMT2,-0.14905065976263776,0.00045832447190568936,549,0.00304421197532813
KRT6C,0.0050678356687542305,0.9056926493344892,549,0.947007788078728
ABCC3,0.17087123788207384,5.718203680166302e-05,549,0.0005181845040398766
TGM5,0.058239631615931604,0.17299450838573482,549,0.3127139673973262
CD1A,0.2715820528472074,9.743576370624299e-11,549,2.93824467549805e-09
GGT6,-0.17003317850033178,6.224940790583745e-05,549,0.0005512845291054847
DSG2,0.04345027394925685,0.3095189230934315,549,0.47608897512660714
FZD8,0.0038744511043182824,0.9278305217810883,549,0.9623003027678341
GPRC5D,0.03162118835773958,0.4596615176887852,549,0.6262754244501049
PCCB,-0.04081020809990537,0.33986504676765295,549,0.5087096538686124
ERBB3,-0.06821050036079354,0.11039057084422366,549,0.23140386887454364
PLEKHN1,0.07944071852088143,0.06287795434880013,549,0.15639218858244117
PDCD1,0.4876174652729419,3.9135998583209e-34,549,4.5749982343771323e-32
ERBB2,-0.0639922257153321,0.13426231215305326,549,0.26423003856383714
LMTK3,-0.09013485664838616,0.034736839210622344,549,0.0980854227952114
FBXO16,-0.12962013806680447,0.0023421559453569185,549,0.011906373705172639
SLC39A11,0.11621960903760595,0.0064078010124370074,549,0.026752569226924504
DPP10,-0.015248539080407596,0.7214728339692288,549,0.8283905202100014
DGAT2,-0.021070016846883078,0.6222841325681407,549,0.761147313058999
PPP1R1B,-0.10965817079494239,0.010132479457883425,549,0.0379643220713645
CTNND2,-0.025815603897780807,0.5461090385914256,549,0.7027828709717395
CXCL3,0.15513332074000702,0.0002635528595557965,549,0.001890142900740651
PPP1CA,-0.07813823287318561,0.06733038566185397,549,0.16162057667085683
SLC5A6,0.032941755105350905,0.4411220601453072,549,0.6095410027303357
CTLA4,0.5478972915970306,2.477697874652596e-44,549,1.4482144077344424e-41
MDFI,0.09996069344878727,0.01914550349273546,549,0.06098390622072958
RBM47,0.036400622232858684,0.3946404878557965,549,0.5617876862584122
CALR,-0.020317933432687535,0.6347667560070529,549,0.77135378146803
MYO5B,0.0863953660041005,0.04302379235437524,549,0.11620647384576928
INCENP,-0.012926271207951237,0.7625037822484707,549,0.8554385042691576
C12orf56,-0.015057097280157678,0.724827085025851,549,0.829785785313044
STAC2,-0.08925599085201302,0.036551159245167095,549,0.10246595961055235
HID1,-0.1192885659273119,0.005131687557252546,549,0.02197414928361988
TMEM184A,-0.08228775731468085,0.05398733721761737,549,0.1390114475933804
CHRNA1,0.035444432134211,0.40718524186470567,549,0.5741852204340663
KIFC2,-0.1788672171034263,2.4924434604606583e-05,549,0.00024484591640995876
TALDO1,-0.03670673469165752,0.3906742320996689,549,0.558916041870843
MYO6,0.039623686910990975,0.35410282281189015,549,0.5246466411496826
B4GALNT3,-0.02056486850073066,0.6306566167046608,549,0.7679558176330713
SLC26A6,-0.062420037319830556,0.14411445458512845,549,0.2757396089522482
GNA15,0.30305655574531964,3.9875379220092337e-13,549,1.3710093620084688e-11
HORMAD1,0.1014090834103647,0.017463313780550882,549,0.05670726058184439
CREB3L4,-0.13601582415032218,0.00140050688960363,549,0.007759206416808738
SLC37A1,0.13366896196619785,0.001695703668633545,549,0.009051495838505086
DISP3,-0.050098167729775156,0.2412379761845491,549,0.4003327622691989
CEL,-0.139163795532756,0.001078516430587791,549,0.006210767031315899
SLC6A20,0.09163017363887198,0.031826125644934,549,0.09030276912361127
GAS2L3,0.08066070833961404,0.05893049234925124,549,0.14846927921610928
STMN1,-0.06499229461057869,0.128270977770081,549,0.25544935777380695
ATP13A2,-0.0038991808717786943,0.9273711467699736,549,0.9623003027678341
SREBF1,0.02547332847440542,0.5514455347185109,549,0.7060677218904045
MLPH,-0.025596542183834274,0.5495215394199706,549,0.7051489347771083
TMEM79,-0.09639449767730553,0.023901468400932175,549,0.07298741764091357
TMPRSS11E,0.09481577877222147,0.026313869084930212,549,0.07847171673541688
BIK,0.04661974537767287,0.27551989927583126,549,0.4382673486564686
ARRDC1,-0.0873906469263655,0.04067000073576883,549,0.1113424610307114
EPHA1,0.02736120327361204,0.5223338103159314,549,0.6835825531176177
RPL22L1,-0.027665067571732645,0.5177227973767234,549,0.6800201686892019
RUNX1,0.2151462210957245,3.594546723524976e-07,549,6.46465403046261e-06
MYH14,0.006674281404447732,0.8760103890314614,549,0.9300956707337835
H3C3,0.05823854707604847,0.17300252324829377,549,0.3127139673973262
LTK,0.13002749972197214,0.0022681763796629562,549,0.011629378016780684
DNMT1,0.05836420928200276,0.17207570761836408,549,0.3123548170898565
OTUB2,0.07835456536807406,0.06657344427181985,549,0.16146132023601123
CCDC160,0.0076890075508040225,0.8573478692166202,549,0.9211761572741075
GCNT1,0.05239236930753025,0.22033555542261668,549,0.37601790407158964
ACOT4,-0.016427056846811682,0.7009437022241487,549,0.8185846032967331
SLC26A2,0.056296554149850804,0.18780221258786184,549,0.33213432150561345
E2F3,0.024987219024777612,0.5590682402171584,549,0.7111542685678545
BRIP1,0.05264090175323546,0.2181514586772401,549,0.3740191951292204
HELLS,0.00620974625173138,0.884577617794967,549,0.9350563566073855
ALG3,-0.0874950050946222,0.0404296266333659,549,0.11094421017465901
HK3,0.4158551894437979,2.2757060006479374e-24,549,1.4779446193096883e-22
HMBS,-0.08826750211218323,0.03868738034524811,549,0.10704312954392393
DARS2,0.022486103103549558,0.5990745303987575,549,0.7441882669906408
FREM2,0.03577861018150379,0.40277426848464165,549,0.570718933161874
KLHL35,-0.12904475629456488,0.002450406203012052,549,0.012347089876384004
KCNN4,0.07196529260473516,0.09207694545835161,549,0.20424658299964524
MUC16,0.0486100582929955,0.25551891838664853,549,0.417414663879421
DHRS13,-0.05405441470059271,0.20602431919203482,549,0.35790101489475284
MTHFD2,0.036852321894044957,0.38879638425210106,549,0.5577754269558406
FADS2,-0.09249302888886472,0.030243385883511234,549,0.0877283327489445
DHCR7,-0.10934161526718665,0.010353091294073023,549,0.038421472135782106
HOOK1,0.0025937247308552803,0.951650298493527,549,0.9767370846956906
PPP1R14C,0.07135879556604699,0.09485825071234161,549,0.2088310641859272
MAP7,0.07289668251257339,0.08793332516901657,549,0.19844412571926712
CDK16,-0.13686780452605513,0.0013055976717179414,549,0.007267827039229874
SIPA1L2,0.06392942457708928,0.1346456316272438,549,0.26433041191701084
DHDH,-0.20075638650405206,2.121343547573779e-06,549,2.9174713024867616e-05
PTPN6,0.18297830524945521,1.6031171626719424e-05,549,0.00017117236138268298
PGGHG,-0.04212501949010265,0.3245216924480111,549,0.49413221883744046
OGDHL,0.01612997269572596,0.7060989495543173,549,0.8229683586545334
FRAS1,0.06300963674109666,0.1403568702636367,549,0.2708256284746441
ANKRD34B,0.1062220404287381,0.012765759147610172,549,0.04494931458902497
TAS1R1,-0.10289994475624811,0.01586820267358539,549,0.0528488003573257
HSH2D,0.16470525525688867,0.00010580475068274213,549,0.0008413996840008542
LRFN4,-0.0555983914772954,0.1933443782931791,549,0.33987906499958853
SLC12A3,0.1544764835029725,0.00028005801285566577,549,0.0019962671770016663
CENPH,-0.03633375758300971,0.3955100648337667,549,0.5617876862584122
BCL2L12,-0.06904137703467608,0.10610886588660867,549,0.22471243518377815
STAP2,-0.07864196590773115,0.06557866224591787,549,0.15971136701141248
PNPLA3,-0.030417650788445386,0.47693026883871315,549,0.6423173781940734
DSCC1,-0.016943081648119345,0.6920218981970525,549,0.8130387929571401
SYTL1,-0.03559222716575834,0.40523089297011894,549,0.5721194612102283
HIP1R,-0.006049582821151566,0.8875346203914001,549,0.9372429731143149
IGSF8,-0.17035285244451218,6.0268412956074683e-05,549,0.0005378150743942848
RCC1,-0.0015697963238946848,0.9707260490576601,549,0.9850509994343791
TNFSF11,0.17521086495052357,3.660295638902974e-05,549,0.00034618097131070317
PFKFB2,0.04826645230332958,0.2588980162689816,549,0.42134407254634626
PPP1R13L,-0.06482665593351247,0.12924872605291776,549,0.2565225140167417
LY6K,-0.05731804102948922,0.17990543294851302,549,0.32219662583219216
ALOX15,-0.05966902613733304,0.16267006380040522,549,0.30088814016245835
HAUS8,-0.05822859548389114,0.1730760794748247,549,0.3127139673973262
COL10A1,0.23115438008722752,4.2982348633616874e-08,549,8.516333144525106e-07
ABHD3,0.17433856072419235,4.007166111632305e-05,549,0.00037475017475985316
RTKN,-0.09240991946508281,0.030392840276034762,549,0.0879381387055231
OVOL2,-0.11492332892627358,0.007027498362438688,549,0.028426109293047837
RENBP,0.24885710038037429,3.4033212159573796e-09,549,7.50657075746071e-08
SLC52A3,0.06253469238272398,0.14337778398647005,549,0.2756720879608281
LGSN,0.016772672020470277,0.6949635552546665,549,0.8147660118262324
H4C13,0.03011456952367259,0.4813341492087321,549,0.6460156376865761
MXD3,-0.18234676001416936,1.7166637176386463e-05,549,0.00018079098071347544
NAA10,-0.17073286412044344,5.799095296278325e-05,549,0.0005214724924114893
MMP1,0.05247671349645968,0.21959259421852562,549,0.3752978693588545
ALDH3A1,-0.012972394997704613,0.7616818920776491,549,0.8553373024387817
MOGAT1,0.0062269869581540295,0.8842594076532321,549,0.9350563566073855
PDE7A,-0.02645189528016607,0.5362568082225039,549,0.6965380097912302
VSIG8,-0.03516210799385019,0.4109340641657144,549,0.5780769205893141
MECOM,-0.05007748902208638,0.24143250419143303,549,0.4003327622691989
KRT80,0.06910214989430019,0.10580091641519984,549,0.22469596242957404
BST2,0.07472102864229227,0.08025210667117585,549,0.18540457055060194
EPS8L2,-0.04513269587099909,0.29114161357066703,549,0.4562259333299058
GSR,0.010753315130483974,0.8015116557158773,549,0.8861190215593001
DQX1,-0.07304094808492957,0.08730513416342311,549,0.19779011983922792
VSIG1,0.18631518035091976,1.1123936807494625e-05,549,0.000122678133282653
HOMER2,-0.04211551919820438,0.3246309187914066,549,0.49413221883744046
STAT1,0.38404204785681395,9.78265296134197e-21,549,5.198146050822164e-19
SOHLH1,0.0005087099794022729,0.9905115497635313,549,0.9956032793010876
EREG,0.13843407503027466,0.0011463988646552758,549,0.0065372696233269145
UPK1A,-0.03640567930760296,0.3945747673742069,549,0.5617876862584122
AQP6,-0.04861746030591301,0.25544646327543036,549,0.417414663879421
BAK1,0.1392393964776399,0.0010716998224698407,549,0.0062020648141942756
SGPP2,0.09996925096362695,0.01913516372633897,549,0.06098390622072958
ROBO2,0.10678444321371748,0.012297221214020439,549,0.04396162568559601
CHAC2,0.09168104567901791,0.031730884181531874,549,0.09025159028761744
GPC2,-0.08892356777521963,0.037258091363707675,549,0.10419786795257004
ALDH18A1,-0.02323880180287983,0.5868992731965135,549,0.7314341688344609
TNFAIP2,0.08824676101689387,0.038733313769957076,549,0.10704312954392393
SALL4,0.06364376657962019,0.13639985760391668,549,0.2670878283734985
KRT86,0.038237045240809536,0.3712108204351182,549,0.5417546180882062
PSD4,-0.030430812855127807,0.4767395189815931,549,0.6423173781940734
CGN,0.0003195289015559448,0.9940400673186073,549,0.9974530804252805
NAPSA,0.12807794193993283,0.0026426254938413875,549,0.012925645197910385
STON2,-0.11076589958637291,0.009392988151239625,549,0.03565065957402312
PPP4C,-0.11481168028254304,0.0070833048531177105,549,0.028553046114808977
FTH1,-0.009776598097765982,0.8192137442829951,549,0.8975265858170771
IRX5,-0.0864244000167824,0.04295353654855634,549,0.11620647384576928
PRR19,-0.07880757403937014,0.0650110130385827,549,0.1586594451818438
DECR2,-0.14593985807579204,0.0006034307622932175,549,0.0038972959177943165
STRIP2,0.09961491905641959,0.019567386048525766,549,0.06215835405088756
ABCA4,0.06332956681784235,0.13834961753621122,549,0.26865565265752644
C9orf152,0.0005202680823799235,0.9902959786982609,549,0.9956032793010876
NSD2,-0.024552742937330712,0.5659241742562817,549,0.7167555359757241
TESMIN,-0.09849551268925395,0.0209892151152076,549,0.06560532745903123
TMEM38A,-0.11118739346052474,0.009124472991532141,549,0.03508720041809563
SELENOI,0.10767895735527391,0.011583265012192829,549,0.04192209535372575
HNF4G,0.22373405432002952,1.1732917668535749e-07,549,2.21222270234166e-06
KCNN1,-0.08093484331179877,0.058072313618585204,549,0.1466231849246784
CYP2J2,0.014135311545693158,0.7410504807719333,549,0.8386137580081219
CHEK2,-0.04790649102004852,0.2624709399330358,549,0.423602552518351
ECEL1,0.04416272412100044,0.30164545397267023,549,0.46581708810310635
GPR84,0.4588708152278588,6.0891547202593676e-30,549,5.084444191416572e-28
TUFT1,-0.02448870661865756,0.5669380464178211,549,0.7172625284225465
ADAM8,0.337251297224972,4.5396016855036825e-16,549,2.1227177481415218e-14
CERS1,-0.08521972410165111,0.045951042167622684,549,0.12248331262839827
SOX14,-0.009086364593522602,0.8317798059266066,549,0.9028324912982388
ATG4D,-0.10417338395320926,0.01460840332803864,549,0.05007983428292425
LRG1,0.1238227093930095,0.0036627318190915587,549,0.01659586626557377
MUC4,0.13524609520290568,0.0014916668224145156,549,0.008110504722802645
SLC9A4,-0.03942324116784028,0.35654467777065224,549,0.5275958586251803
CDC42BPG,-0.008519223586831581,0.8421372456493462,549,0.9123803894013769
EZR,0.04700802448319501,0.2715366580334532,549,0.4336425590725503
RXFP4,-0.16004539603591364,0.00016605845261072035,549,0.0012941488740128805
CA8,-0.0066857397717754305,0.8757992458839315,549,0.9300956707337835
DUS1L,-0.1495159229518336,0.0004396501900290312,549,0.002953741793930675
CHAF1B,-0.0327104138943883,0.44433865327077277,549,0.6110998556510109
PAGE1,-0.10435369727285945,0.01443732180949705,549,0.04963890939794722
ADAP1,-0.033979897708324686,0.42685247552791655,549,0.5942198294962461
APOL4,0.10856589301956797,0.010911821977257558,549,0.03998720969095325
NLRP7,0.12536056757035904,0.0032587698599283186,549,0.015071853615854553
EMID1,-0.0831762884317629,0.05143686784954799,549,0.133621552258048
SEMA4A,-0.00015689986179069377,0.9970734440902398,549,0.9979222516503361
AKR1C3,0.08279003992298238,0.052532935987602426,549,0.13616630192795395
GPR157,-0.09169500436940908,0.031704793694299085,549,0.09025159028761744
STARD10,-0.13793118452685285,0.0011954494363638087,549,0.006718655726486982
ENTPD7,0.1149612233968702,0.0070086468736979685,549,0.028426109293047837
CLDN19,-0.01749899731778287,0.6824579013352678,549,0.8050386343702604
SCNN1A,-0.06765107095847793,0.11334930745404846,549,0.23577462707078764
NDUFS8,-0.19244966114416878,5.586001465513721e-06,549,6.8737218033532e-05
BNIP3,-0.1670184675521519,8.420681331534981e-05,549,0.0006932236955327038
CDH3,-0.03784169322759727,0.3761807476787667,549,0.5456021017822311
ZNF280A,0.06590387212647138,0.12299230316822393,549,0.24918197990234622
ULBP1,-0.038695258989575584,0.36550176403045603,549,0.5373543915732362
BRCA2,0.0781754782363891,0.06719956411992721,549,0.16162057667085683
TMEM97,-0.029341252660625646,0.4926700477235557,549,0.6574558056950189
TMEM171,0.18223020954576782,1.7384370767311277e-05,549,0.00018144936988381146
KIF26B,0.1817503084603476,1.8308855840729007e-05,549,0.0001861134998070627
SQLE,0.0007107813937650056,0.9867428137775028,549,0.9943985769878456
GSDMC,0.1681636399318093,7.51224449722954e-05,549,0.0006363633200914008
GEN1,0.005663660863644014,0.8946660068023345,549,0.9406778700640368
SLC38A8,-0.062253471820833746,0.14518980599308284,549,0.27642814854383363
MICB,0.18899036514445772,8.259998392399944e-06,549,9.587010579966524e-05
SAGE1,0.1271215725412072,0.0028461955585461713,549,0.013679482774849762
MAP3K9,0.05263121920348429,0.2182362571298278,549,0.3740191951292204
SLC25A33,-0.10540632069298322,0.01347332547230067,549,0.046875944872379414
PIK3AP1,0.4976875854391711,1.065349010145867e-35,549,1.383769992067243e-33
NAV2,-0.017978323379783237,0.6742521185626613,549,0.8011538533209002
SSR4,-0.050443866691323926,0.23800221816919956,549,0.3963313291165161
ADGRG1,0.06714922347804962,0.1160561900775944,549,0.2384353008799787
UGT8,-0.007930459457512655,0.8529184478844829,549,0.9200459554433162
NCAPG2,0.07726297455703938,0.07046531467780437,549,0.16708712547333326
CHIT1,0.2500910283416943,2.8306374309487125e-09,549,6.363490686113548e-08
ANO8,-0.10518534634365677,0.013670855256654605,549,0.04742204686952294
CDK5,-0.0368097149549824,0.3893453792950949,549,0.5577754269558406
ADGRF1,0.14130157506623758,0.0009004092659582372,549,0.005316052686389795
SH2D2A,0.2656833187508081,2.5324334865844057e-10,549,6.686510157513476e-09
ARVCF,-0.1569764471438007,0.0002219646374166701,549,0.0016646582255486785
TMEM63A,0.02872416933588916,0.5018171163431039,549,0.6653822487009654
TET3,0.03036474593971304,0.4776974069653851,549,0.6426102056876123
LMNB2,0.00583470217310112,0.8915042808474656,549,0.9388905444240425
SORD,-0.00141206246985833,0.9736663842294457,549,0.9871777997955091
EFNA1,-0.02543032333627045,0.5521178410753773,549,0.7061550943294486
TMC6,0.0736071012868907,0.08487468863298417,549,0.19340840353208283
KCTD1,-0.10700098991591155,0.012120907692331645,549,0.04346423647955734
CPNE7,0.05696560054836267,0.18260174588163397,549,0.32486895377236336
B3GNT4,-0.11500894659232874,0.006984970296848611,549,0.028426109293047837
P2RY6,0.4046162716068185,4.8501122503663304e-23,549,2.984095379304337e-21
OTX2,-0.01577381773227814,0.7122969962569665,549,0.8238137518679216
TAGLN3,0.003615978018196191,0.9326332710330091,549,0.9648214989713165
KNTC1,0.02531534263167829,0.5539173218101371,549,0.7069097698646837
MCCC2,0.046204488344012105,0.27982369742092256,549,0.44227263988191423
CAPN9,-0.048792774861081356,0.2537345468461505,549,0.4171809919312939
LYPLA2,-0.021998397279000367,0.607023841383311,549,0.74691092371848
NT5DC2,-0.1406739405542804,0.0009496555897824424,549,0.005550736922278376
SEMA4B,0.0021297334140084603,0.9602916738141757,549,0.9812770687838911
MGST1,0.06966622066059665,0.10297626681141447,549,0.22143091421814756
PYCR3,-0.12852589554755406,0.0025519174910597006,549,0.012587306105691098
YIF1B,-0.10627421951247948,0.01272163522284033,549,0.04492927968429107
TRABD,-0.01577744659711873,0.7122337478321749,549,0.8238137518679216
DIRAS2,0.01608909015293369,0.7068094372020116,549,0.8229683586545334
SAT1,0.10114242823109643,0.017762939843827753,549,0.057141473799003605
GCAT,-0.1555272480700266,0.0002540951622523403,549,0.0018335632387221346
HS6ST1,0.03282249321019215,0.4427786261421577,549,0.6103870447643659
WNT3A,-0.08183281936061677,0.05533342576567349,549,0.14177494242906946
ATAD3A,-0.11226277372262775,0.00847010227641675,549,0.03322667637963484
RASAL1,-0.004652423649650402,0.913391345206855,549,0.9542041845816027
BORA,0.040627674166875634,0.3420312327433466,549,0.5108091883741868
QPCTL,-0.146239153531244,0.000587807857058327,549,0.0038174854716732454
POLD1,-0.017778382122046122,0.6776703694949768,549,0.8034448904053021
PSME2,0.20957372352652515,7.255381861400754e-07,549,1.16185498575034e-05
GLB1,0.018026042403211248,0.67343728785441,549,0.8011538533209002
CLUL1,-0.1638970504075909,0.0001145088306489999,549,0.00090446502046406
BRCA1,0.12228166552445602,0.0041125683583792885,549,0.01827981905302429
PLEKHB1,-0.10378227839811807,0.014985622266484769,549,0.050339633418162916
SLC13A2,-0.07203203952418384,0.0917748863590235,549,0.20424658299964524
NDUFB8,-0.16118064696262618,0.00014895689195029143,549,0.0011686617898650383
MCM7,0.0007391372139487493,0.9862139848019286,549,0.9943985769878456
MARVELD2,0.05367041239244184,0.2092694519190367,549,0.3613530122501535
RANGAP1,0.02023986460705895,0.6360685290283212,549,0.7721330326418562
RAB20,0.08475420714262405,0.0471555038967614,549,0.12499951032951039
NMUR2,0.26723806145811574,1.9732568841929178e-10,549,5.573730130269787e-09
NUDT5,-0.004355484968145014,0.9188994275244351,549,0.9573916495330344
GRN,0.1426638528397533,0.0008015350555421451,549,0.00482986845324107
DHFR,0.04859544348595444,0.2556620182529217,549,0.417414663879421
HDGF,-0.025923323216610283,0.5444348585516878,549,0.701989191799472
G6PD,-0.010070454454802907,0.8138777576239301,549,0.8925169781072929
NUDT1,-0.0865892154751273,0.042556550251796166,549,0.11596411945069865
MARCKSL1,-0.1585306456935032,0.00019175621576407513,549,0.0014556040014818432
AREG,0.20517948421634577,1.2457025072578388e-06,549,1.843324343018245e-05
RNF43,-0.03062379206689366,0.4739475775144978,549,0.6405141249878011
PSMB3,-0.051628792411369896,0.2271435808845726,549,0.38427039949937103
RFXANK,-0.1592412095104449,0.00017926936657958046,549,0.0013697116962845068
BCL2A1,0.5153978700490607,1.3975735598222415e-38,549,3.2675269828644005e-36
POLE2,0.010437956582866724,0.8072166058211959,549,0.8885355745215213
LIN28B,0.02482643541637935,0.5616006767959701,549,0.713599120841836
H2BC14,0.02937813271440185,0.4921262089361847,549,0.6574558056950189
NCAPD2,-0.023669650918663725,0.5799819281804872,549,0.7290310473580532
FCGR3A,0.5235660179635291,5.7281239896100946e-40,549,1.67404423596355e-37
MTARC1,-0.13072586818391893,0.002146298272972683,549,0.011151211916022518
LRRC59,0.06214431015914803,0.14589787419186867,549,0.27687437488684163
HLA-DMB,0.2902046914036863,4.091388180685866e-12,549,1.3665236523490792e-10
OPRPN,-0.10303827637389161,0.015726888248738524,549,0.05252780675078667
ANOS1,0.14192955115921307,0.0008535078457905685,549,0.005064724221975506
KLHL14,-0.07923968799953023,0.06354888232788454,549,0.15672101942899863
ABHD17C,0.054714792801440156,0.20052911418309807,549,0.34987840967170397
MRPS12,-0.10143729988650417,0.01743186848833902,549,0.05670726058184439
NARF,-0.12874893717748753,0.0025078200465192143,549,0.012582152937257346
ABCC1,0.023141405680594387,0.5884682477562768,549,0.7326085001353435
TFAP2B,0.009595734204261495,0.8225021312510349,549,0.8977637641759662
ONECUT2,0.04158608942199657,0.33075556824055996,549,0.5001982655539645
DDX11,-0.10957089536882154,0.010192882228178452,549,0.038068624040704824
RPN2,0.04772170671656134,0.2643182132629462,549,0.42494709825073884
RFC4,-0.03392470898873943,0.4276042426253835,549,0.594374981723036
ZSCAN16,-0.10384174587520074,0.014927720234251278,549,0.050339633418162916
CKM,0.013323763902022227,0.7554296309344575,549,0.8515157175108692
LRRC45,-0.1033168347348077,0.015445669589221335,549,0.05173635458395341
PLAUR,0.30512744360792526,2.710256106493246e-13,549,9.900904339033139e-12
HNF4A,0.19658616631369594,3.466852273548519e-06,549,4.405163378019803e-05
ZNF367,0.05396659236676533,0.20676325503551346,549,0.35861460702747067
C1orf226,-0.04619070929469399,0.27996728273106636,549,0.44227263988191423
CCDC150,-0.07776685264334479,0.06864629736785517,549,0.16377045229188306
SLC34A2,0.08427592908866094,0.04842045238346424,549,0.12719889626128023
NOXA1,-0.1267843687563683,0.0029213097150805035,549,0.013882158768004506
MAP4K1,0.3324660509607261,1.2353019021318388e-15,549,5.554107398431229e-14
SLC39A2,0.08047740045395543,0.05951017446064963,549,0.14960729880537507
C1QB,0.5733977322585675,2.6264010394075346e-49,549,3.070262815067408e-46
MACC1,0.06514691477273032,0.12736345450579387,549,0.2547425981817524
MYO19,0.014496321619261694,0.7346825703587145,549,0.8354512886666705
POLA2,-0.1475731884202752,0.0005226334168416033,549,0.0034131757781443255
AGRN,0.04923638684318355,0.2494383817573579,549,0.4110459840393899
CENPL,-0.02221150276570928,0.6035445683766667,549,0.7458177594422023
SHTN1,0.021961701495026856,0.6076238566777369,549,0.74691092371848
TOX3,0.1457134109505198,0.0006155062128633419,549,0.003921458368093567
KCNJ11,-0.138787951309191,0.0011130021903431179,549,0.006377939022113259
VANGL2,-0.06549138628114339,0.1253595406514915,549,0.2535385865425494
IVNS1ABP,0.11504128275697023,0.006968968321765575,549,0.028426109293047837
RAB15,-0.01585011352667928,0.7109676331755697,549,0.8238137518679216
ZNF93,-0.08122514026029969,0.057174856238788735,549,0.14498352916083304
FBP1,0.2241221839067956,1.1142006371360857e-07,549,2.135246794773908e-06
DBH,0.25399823710567926,1.5691962226191649e-09,549,3.743653845391436e-08
RNASE2,0.45577836247929476,1.63028643148779e-29,549,1.2705365589394843e-27
ACOT7,0.02793419416130916,0.5136565241361103,549,0.6769610785965197
TLCD3A,0.0075369949343863435,0.8601388408431355,549,0.9216336433965402
AVPR1B,0.0670620268723231,0.11653163828653706,549,0.23857352917156188
FCHO1,0.06967695381480234,0.10292310489848641,549,0.22143091421814756
IQGAP2,0.15619321694363356,0.00023882446903849162,549,0.0017558855616729354
ZIC4,-0.06101762090116497,0.15336079836463173,549,0.2882295390486406
WDHD1,0.04267262869219833,0.3182660789565742,549,0.4869804270945488
TRIM29,0.031035968632862825,0.4680145104118808,549,0.6354249590666624
TMED3,-0.06947984340762578,0.10390288046683233,549,0.22245873125591023
TUBA4A,0.06249676373644306,0.1436211599058874,549,0.2756865943021057
FOXA2,-0.021087464722902793,0.6219958066083747,549,0.761147313058999
RHBDF2,0.21067448446412193,6.324981678485589e-07,549,1.046666305378517e-05
CORO2A,0.09347598275443197,0.028522991011488374,549,0.08398835388521388
SLC11A1,0.19670365610219084,3.4196906002466685e-06,549,4.392987155701489e-05
DYNC2I2,-0.08176067241760673,0.05554943836969101,549,0.14177494242906946
GRIN1,-0.12961788384361614,0.0023425713876729743,549,0.011906373705172639
HOMER3,-0.07973239635797971,0.061914889557431706,549,0.15465492712102064
PGAM5,-0.044280062803456366,0.30036158116589445,549,0.46444800050652196
SHH,0.19926901195595406,2.530539897045099e-06,549,3.43208052094815e-05
HYOU1,0.08373898129312753,0.04987431100934339,549,0.13014078029000542
GJB4,0.1594745765759605,0.00017533755558919568,549,0.0013484842268669062
AFF2,0.07261853623581369,0.08915474571927264,549,0.199903924089122
PSMG3,-0.1913256533263713,6.347965784156589e-06,549,7.650280414102117e-05
BMP5,0.06229815816218334,0.1449007100026371,549,0.27642814854383363
ANKRD2,0.062268164755851424,0.1450947022315589,549,0.27642814854383363
HNF1A,0.15264364332814384,0.00033136521553773547,549,0.002305749624783409
LAMC2,0.1685198762786414,7.249051561632234e-05,549,0.00062203462429203
SNTB1,0.09529373117244722,0.02556229569022727,549,0.07701629809761773
MCM5,0.023517283641730218,0.5824238477610775,549,0.7297560543036038
IL18,0.38759005130139595,4.022479087530249e-21,549,2.239180025391839e-19
FIBCD1,0.0038357312606569307,0.9285498216613488,549,0.9623003027678341
PLEKHG4B,-0.11654109601459128,0.006261907065698554,549,0.026331544459718022
ADAMTS14,0.1531096161889051,0.0003175483174492089,549,0.002222838222144462
CEACAM1,0.11872333482002025,0.005347932836704534,549,0.02281654556973577
LGALS9,0.2294118158973969,5.458174890162755e-08,549,1.06343440776671e-06
ZWILCH,0.03827098382903435,0.37078608418574754,549,0.5417546180882062
MAT1A,-0.0025926063851086333,0.9516711201611562,549,0.9767370846956906
CHD7,-0.03517570228462813,0.4107530862211481,549,0.5780769205893141
SIGLEC1,0.39547992033388335,5.360355799435799e-22,549,3.133127964770225e-20
TMEM270,-0.10379487619096063,0.01497333965765336,549,0.050339633418162916
HGH1,-0.12708047327408342,0.002855255600567444,549,0.013679482774849762
ZBTB7B,-0.14205278826315085,0.0008445731367788573,549,0.005037275494359613
ALYREF,-0.02579205964152716,0.5464753034331148,549,0.7027828709717395
FLVCR1,-0.040839941837907616,0.33951301996078825,549,0.5087096538686124
KIF20B,0.035122796711883716,0.4114576726620452,549,0.5781178117090515
ATF5,-0.008823160566231189,0.8365830747116458,549,0.9072037238756159
RFC2,-0.07103977431367645,0.0963479505495291,549,0.211314735820637
KCNS1,0.11267385362958945,0.008231233222025326,549,0.03239835567861147
ELP3,-0.02695519319596335,0.5285275255360012,549,0.6880274803469771
