sample_id,IFN,TIL,PDL1,TGFB,TIME_index
TCGA-2E-A9G8-01A,1.46321183283642,0.029322366917776045,0.400607697353658,-0.36510464642616847,0.9961519454621198
TCGA-4E-A92E-01A,1.2767347110560605,1.02919834512089,2.2046710501790443,1.2247003464060655,0.2788343557125994
TCGA-5B-A90C-01A,0.937016429762512,-0.6207208460181963,0.03537692193350231,1.1746300298960526,-1.0574058613367798
TCGA-5S-A9Q8-01A,-0.6705373423326229,-0.10825589628945474,0.47383414364217374,-0.2999011516501858,0.19824811999021785
TCGA-A5-A0G1-01A,1.907265810958538,3.1387671029419595,2.831324287622989,-0.2925243771798797,2.9183101110210417
TCGA-A5-A0G2-01A,-0.15397604105226223,0.5515951267469719,0.20828367905268344,0.06170366587236572,0.14026392237676527
TCGA-A5-A0G3-01A,0.743941244743943,-1.5819328845306742,0.8694571563386445,-0.006443119494253857,0.016931625011558295
TCGA-A5-A0G5-01A,0.4414237746420348,1.7234230947223685,1.6873062162174373,-1.2136746238774045,2.497725652404685
TCGA-A5-A0G9-01A,-0.47085785986626405,-0.4289871583310862,-0.8375416233608877,-0.2688493622692252,-0.3102795182501875
TCGA-A5-A0GA-01A,0.2067370380714935,0.25940449201734583,0.45356756467022785,-0.22852297161512183,0.5350926698681442
TCGA-A5-A0GB-01A,-0.6856114172210634,0.3535388860819818,-0.8239026478334198,0.21939148258319072,-0.6047165422406912
TCGA-A5-A0GD-01A,0.23945509678078888,-0.34390536843181224,-0.3555624090324827,-0.4865864083893693,0.3332488481615339
TCGA-A5-A0GE-01A,-0.7869598556692743,0.3314347479396421,-0.7498988107271094,0.13365748534772243,-0.5354654581666363
TCGA-A5-A0GG-01A,0.5596710117621483,0.21726284383636843,0.10694553770880773,0.042704216026155414,0.2519222484096194
TCGA-A5-A0GH-01A,-0.8751795690487494,0.21754734627591338,-0.7645345390228975,0.4081840519652852,-0.8822396392305296
TCGA-A5-A0GI-01A,-0.887494182460528,-0.10796360105180611,-0.7211762417577516,-0.024704900693115126,-0.5475064410635802
TCGA-A5-A0GJ-01A,-0.4673516546613214,-0.10039807226774587,-0.7397746270367261,-1.2689570474838037,0.8331155961618726
TCGA-A5-A0GM-01A,-0.6457334014066141,-0.7273231883834154,-1.2850847970007528,-0.4415295519287031,-0.44451757700155764
TCGA-A5-A0GN-01A,-0.9471426160542683,-0.05799221619849735,0.2019684201844622,-0.9318312992408669,0.6641091618847659
TCGA-A5-A0GP-01A,-0.07621505591550465,-0.3194520490875471,-0.15411792669049845,-0.36724874059353085,0.18398706336234746
TCGA-A5-A0GQ-01A,-0.20176039783402622,-0.2382840939070234,0.6801471972715506,-0.335133144493555,0.4151673796703887
TCGA-A5-A0GR-01A,-0.9061830353183994,0.5778891122327077,-0.7032860782861343,-1.2765582469838164,0.932698246526541
TCGA-A5-A0GU-01A,0.39047517018915534,0.5486028812703732,-0.034794342252174836,0.799547319106807,-0.4981194160376891
TCGA-A5-A0GV-01A,-1.1997915680410627,-0.8303374023509316,-1.0946864640265348,-0.4708665867594004,-0.5707385580467759
TCGA-A5-A0GW-01A,0.3111041818326116,1.3721275383458056,0.9695463523638653,0.0052418551538735425,0.8790175023602206
TCGA-A5-A0GX-01A,-0.8664180773875405,0.37423747999654966,-0.4093371056755793,-0.025028424425673348,-0.2754774765965167
TCGA-A5-A0R6-01A,0.2382323728657501,0.08449606322073214,-1.0407558805654262,-0.03534107112877372,-0.2040014103642076
TCGA-A5-A0R7-01A,-0.04066132249591727,0.04345696797331189,-1.015849189327188,-0.6713156429164121,0.3336311282998143
TCGA-A5-A0R8-01A,0.19866093359240947,0.17207453810813844,-0.4905843231181115,-0.6594884044239779,0.6195387872847901
TCGA-A5-A0R9-01A,-0.13256842221601203,0.3934747692861038,-0.46042306136750416,0.23117177659552374,-0.29767734802799456
TCGA-A5-A0RA-01A,0.7353026732426824,-0.39039533651419234,0.13113663500348394,-0.010294954703873791,0.1689762786145318
TCGA-A5-A0VO-01A,-0.1777993507010878,-0.023305130115369943,-0.6371348795645023,0.20253570615521607,-0.4819488262822027
TCGA-A5-A0VP-01A,-0.023571382266937668,-0.01646551303755782,-0.765187657698883,0.6816386597172476,-0.9500468440517071
TCGA-A5-A0VQ-01A,-0.5278936239435628,-0.11109093498383432,-0.264304326501683,-0.050528770516848176,-0.2505675246261785
TCGA-A5-A1OF-01A,1.142955512368397,1.2020418716288914,1.530401243435389,-0.789466636052741,2.0812661785303
TCGA-A5-A1OG-01A,1.0844250491682024,0.6933745764231778,0.4495680764133898,-0.9810060803808186,1.7234619810490752
TCGA-A5-A1OH-01A,-0.8053850112601999,-1.0091447640360751,-1.470740888381781,0.7453375494873886,-1.8404277707134074
TCGA-A5-A1OJ-01A,-0.7032287732947428,0.5220780634470034,-0.32031607993093153,-0.48777403342491965,0.3206184368320294
TCGA-A5-A1OK-01A,-0.37602779345398046,-0.45182269401353864,-0.1637508809660984,0.6206273808891516,-0.9511611703670242
TCGA-A5-A2K2-01A,0.6165377562414203,-0.7344308794098174,-0.8362976352799089,0.38066750445898995,-0.6987310906084253
TCGA-A5-A2K3-01A,0.7446982978584171,2.9864804277312293,1.6075754346225115,-1.9354491642523044,3.7150338843230237
TCGA-A5-A2K4-01A,0.46911252357489314,0.06326439248946858,0.4312337372015827,0.4167956434841534,-0.09559209239550526
TCGA-A5-A2K5-01A,-0.9106853097108506,0.27477632878283353,-0.6131776668782308,-0.6870308149620699,0.2706685990266539
TCGA-A5-A2K7-01A,0.8744782409865668,-0.5451074968552152,-0.3393333261906065,-0.11414413986626097,0.11082327917984267
TCGA-A5-A3LO-01A,1.4955558251762435,-0.8932063534900859,0.6617339878815379,0.5206087534372075,-0.09924760024797563
TCGA-A5-A3LP-01A,0.0292919239025893,-0.03905732067815408,-0.7251157561015859,-0.6447743288398591,0.39981394454747554
TCGA-A5-A7WJ-01A,0.22134452262165738,-1.0317699261486766,-0.7693293332293103,0.5509504296817656,-1.0775353419338756
TCGA-A5-A7WK-01A,0.49867543028083305,-0.42932936157597223,-0.19182313672003926,-0.049985747147594885,0.009160057809202073
TCGA-A5-AB3J-01A,-0.3129352984329049,0.3767726605452577,0.9471386034674266,0.5618176220182618,-0.22482563349166867
TCGA-AJ-A23M-01A,0.1026729673408495,-0.8977637525404929,-0.6302299122223687,0.9225937883898785,-1.397700687530549
TCGA-AJ-A23N-01A,0.16453062214361458,-0.3578067775350852,-0.10199805597634838,0.45142562152981003,-0.5498503586524164
TCGA-AJ-A23O-01A,0.7072314557545754,0.8622732699624598,0.25634906674815217,-0.09253575207291262,0.7011536828946417
TCGA-AJ-A2QK-01A,0.47881541730002586,0.6826520551924209,0.7456116376482966,0.13781815571653314,0.497874880997048
TCGA-AJ-A2QL-01A,-0.2055054706118753,1.4425443805341673,0.6428296026339266,0.6583323893314188,-0.031709551812679204
TCGA-AJ-A2QM-01A,0.69647563920463,-1.2171817759071029,-0.2349769591313585,0.2813804529821094,-0.5332748182600532
TCGA-AJ-A2QN-01A,-0.6668322858128902,-0.5884170769355435,-0.8369760725773622,0.8281652178938194,-1.5255736963357514
TCGA-AJ-A2QO-01A,-0.5349672292103341,-0.10356472431266114,-0.7460150438367388,-0.25783212648950604,-0.203683539297072
TCGA-AJ-A3BD-01A,1.2049756103096831,0.4866536345454756,0.3850470742332236,-0.8029947388686326,1.49522017856476
TCGA-AJ-A3BF-01A,0.8923214981769725,-0.3087785677280026,-0.36593110833167164,0.2551454892236964,-0.18260821518459697
TCGA-AJ-A3BG-01A,-0.12967196990003804,-0.4704881411772948,-1.1030017910293015,-0.6210917555325669,0.053371121497022056
TCGA-AJ-A3BH-01A,-0.08819505764969106,0.7774300664737648,0.34961965697128644,0.5489460269547464,-0.202661138356293
TCGA-AJ-A3BI-01A,0.4331791020169105,0.4880897240278506,-0.9637322865905724,-1.5632817151481906,1.5491272282995867
TCGA-AJ-A3BK-01A,1.056147012461864,0.6321737081082,0.0710112322111318,-0.2994565215600978,0.8859005058204963
TCGA-AJ-A3EJ-01A,1.0649291204853206,-0.4242037881498715,0.9446763483210953,0.6944169080655018,-0.16594968117998699
TCGA-AJ-A3EK-01A,-0.03711112874169469,0.9684029266555829,1.6086898599659083,0.5472832250147719,0.2993773276118269
TCGA-AJ-A3EL-01A,1.806765118585963,1.4887798758056265,1.553230260220445,0.03326110385830393,1.5829973143457075
TCGA-AJ-A3EM-01A,0.23475550544544152,-1.5341566898849153,-1.2137449200204888,-0.11264889122778378,-0.725066476925537
TCGA-AJ-A3I9-01A,-0.4580716247110898,-0.995037775188234,-0.8840393742591659,-0.23692094788284823,-0.542128643503315
TCGA-AJ-A3IA-01A,0.605228318395202,0.24086287469158632,0.4472788432041888,0.2987446271618592,0.13237871826846648
TCGA-AJ-A3NC-01A,-0.5085782293699915,-0.167925654348499,-0.14555282893691435,0.483876918455864,-0.7578958226743322
TCGA-AJ-A3NE-01A,1.0662543483885523,0.9966904459816804,1.3419427112933875,0.1806947438493745,0.9542677580384988
TCGA-AJ-A3NF-01A,0.6154043294731132,0.3862486296021701,0.3927844813693938,0.7873837893381981,-0.3225713091899724
TCGA-AJ-A3NG-01A,-0.9654920793296777,-0.9272068341182463,-0.47820005773626006,0.7317753653425113,-1.522075022403906
TCGA-AJ-A3NH-01A,0.28767189154189277,-0.734489696997946,-0.6706971482920476,0.34148320047273417,-0.7139881850554344
TCGA-AJ-A3OJ-01A,0.32744960918240323,0.6776922831958306,-0.34908895007014756,-0.22864248675449264,0.44732680085718807
TCGA-AJ-A3OK-01A,-0.8727710974149404,0.197898890782149,-0.6270904240820718,-0.4374739268946828,0.0034863833230616703
TCGA-AJ-A3OL-01A,0.4981274686301967,-1.648374779309298,-0.7048671220230198,0.6580799477328344,-1.2764514253002082
TCGA-AJ-A3QS-01A,1.2291380622230355,0.9724977797580585,1.2426702803499496,-0.012159177458415167,1.1602612182354297
TCGA-AJ-A3TW-01A,0.8362556136389433,0.5282838813242994,1.1944572973560967,-0.16679259469122787,1.019791525464341
TCGA-AJ-A5DV-01A,-0.1833000504135806,-0.6404607825340425,0.028669075456306963,0.148671005889473,-0.4137015917199117
TCGA-AJ-A5DW-01A,-0.14865398390499115,0.4413299361686809,0.3932559685572366,0.7349098711471513,-0.5062658975401759
TCGA-AJ-A6NU-01A,1.2551889787985873,-0.03369150645182064,1.3245389335253555,0.7733959772558953,0.07528282470147873
TCGA-AJ-A8CT-01A,0.4409014931067089,0.9773681758451906,0.7190234795894451,-0.16712442180561668,0.8795554713193983
TCGA-AJ-A8CV-01A,0.9201761822964044,0.7373567942170138,0.5167088253903164,0.09493166140675437,0.6298156058944906
TCGA-AJ-A8CW-01A,0.29023686578049196,-0.04495613032887621,0.48907456061777027,0.5035900618612964,-0.25880496317150103
TCGA-AP-A051-01A,-0.5167407534797293,0.09147154546133426,0.06253420435784827,0.46491171957521044,-0.5858233874620593
TCGA-AP-A052-01A,1.449242425178605,-0.40200470081544754,0.2926838690480371,-0.2956659427156462,0.7423064738527111
TCGA-AP-A053-01A,0.18827843703071362,-0.5075156283498792,0.467669357547219,0.21459354807559972,-0.16511615933291524
TCGA-AP-A054-01A,-0.4051000611074141,0.11914862273553856,0.7816891990236225,0.9813963988029383,-0.8161504785856892
TCGA-AP-A056-01A,-0.103016172028093,0.981199838019257,0.4093921339846465,0.4350278232400871,-0.005835889914816872
TCGA-AP-A059-01A,1.8206677555967778,2.4625418146477287,2.7557266455404386,0.049014280252153986,2.297297791676161
TCGA-AP-A05A-01A,-0.9821845801471046,-1.5636959962199812,-1.24212628977342,-1.1936770997175714,-0.06899185566259725
TCGA-AP-A05D-01A,0.9002953634479333,0.26410568964458125,0.13201664732785837,-0.16541576109502718,0.5975549945684848
TCGA-AP-A05H-01A,-0.06371909863065181,-1.2901544716967077,-1.5951655232393465,0.11235237034264668,-1.0953654015315486
TCGA-AP-A05J-01A,-0.4572512002782139,-1.3768519562716741,-1.4509087220632264,-1.2398252203486841,0.14482126081097935
TCGA-AP-A05N-01A,-0.3034232393011406,-0.4925548800987549,-0.7507629565360032,0.1951800172033977,-0.7107603758486973
TCGA-AP-A05O-01A,0.5548052835525817,0.84330847635392,0.07150047558064647,-0.13942454621027467,0.629295958039324
TCGA-AP-A05P-01A,-0.345134664096355,0.4526950463767224,-0.7863177971859412,0.8302447266153815,-1.0564971982505726
TCGA-AP-A0L8-01A,-1.102120527458524,-0.6379700640688605,-1.1099157640589215,1.1875848401154843,-2.1375869586442526
TCGA-AP-A0L9-01A,1.0276648544910332,-1.0833336099928887,0.2833376415685288,-0.12460062128333663,0.2004902499722277
TCGA-AP-A0LD-01A,0.6576988516429113,-0.42805336600334576,-0.5349661051132836,-0.5217799923291931,0.4200064525046205
TCGA-AP-A0LE-01A,-1.0863447366688277,-0.288862711690014,-0.7811502819070361,-0.9591680281268768,0.24038211803825094
TCGA-AP-A0LF-01A,-0.4487461018575443,1.7059699488796345,-0.40007316720022934,-1.911554701500849,2.1972715947748025
TCGA-AP-A0LG-01A,-0.6384207821898,-0.5801715083833545,-0.7176695456813978,0.5525760416398519,-1.1979966537247027
TCGA-AP-A0LH-01A,-0.018267998381884653,-0.6079446521544045,-0.48851462696353853,-0.6136278061634516,0.2420520469968423
TCGA-AP-A0LI-01A,0.7166276897352791,1.6972649597347327,-0.0900842501635742,-0.46443464015028546,1.2390374399190978
TCGA-AP-A0LJ-01A,-0.2104156257052285,0.21984356136464672,-0.21624522375901087,-0.14872693047786745,0.0797878344446699
TCGA-AP-A0LL-01A,-1.2721934936820878,-0.5680279486810725,-1.0132399177982496,-1.5956130172635774,0.6444592305431073
TCGA-AP-A0LM-01A,-0.27654369320895256,1.3903916378921466,-0.22693798901870124,-0.14622089914130884,0.4418575510294731
TCGA-AP-A0LN-01A,-0.7662672343235222,0.08870432974801679,-0.7845570540220748,0.4044974351563923,-0.8918707546889191
TCGA-AP-A0LO-01A,-0.8372392997373908,-0.8401128812234329,-0.9101923387455975,-0.5635682024885486,-0.29894663741359184
TCGA-AP-A0LP-01A,0.28686788912506905,-0.0563369129742181,0.05055963121588255,-0.4969716426040864,0.5906685117263308
TCGA-AP-A0LS-01A,-0.897507168877087,0.3445731794340691,-0.46766255968840814,0.0023206816621340557,-0.3425195313726094
TCGA-AP-A0LT-01A,-0.9521909522377741,0.08660736575876099,-0.7201129183154759,-0.2187604214408457,-0.3098050801573172
TCGA-AP-A0LV-01A,-0.43691918570469396,0.5689908397468293,-1.1860561859732974,0.36542126548371606,-0.7167494427941035
TCGA-AP-A1DH-01A,0.05625666902226563,1.7612742360799394,0.30840535532670216,-0.6551316618604955,1.3637770820034647
TCGA-AP-A1DK-01A,0.008934256611445061,1.0723880872553142,0.4802039709983026,-0.0510393371816077,0.571548108803295
TCGA-AP-A1DM-01A,-0.7833902545400004,0.37021967868701355,-0.9631276323303539,0.12230140777743286,-0.5810674771718798
TCGA-AP-A1DO-01A,-0.9228800009911933,0.2767651988345187,-0.2626352100479226,-0.16267640867420569,-0.14024026206065998
TCGA-AP-A1DP-01A,-1.0274102782864507,-0.7922741164878662,-0.41330842099631304,-0.12619907639974973,-0.6181318621904603
TCGA-AP-A1DQ-01A,0.6824934062846022,0.12626429113213145,-0.8628244455212825,0.7894738091772041,-0.8074960585453871
TCGA-AP-A1DR-01A,-0.5770069570575883,0.18883109038007315,-1.0061757411347996,0.16576680963022303,-0.6305506789009946
TCGA-AP-A1DV-01A,-0.8968593186818221,0.24985406066944946,-0.8120349201900493,-0.014870520501680818,-0.4714762055657932
TCGA-AP-A1E0-01A,0.03777780200030081,0.004537295172522174,-0.5392110944497225,0.701053883234986,-0.8666858823272858
TCGA-AP-A1E1-01A,1.0755477693538558,0.7930259763288396,1.1192853960022817,0.9285440772101394,0.06740897001818624
TCGA-AP-A1E3-01A,-0.30776228884181384,-0.10653769911210897,-0.6718365972576765,0.23835336666769924,-0.6003988950715657
TCGA-AP-A1E4-01A,-1.4636916096632193,-1.6171097966795287,-1.425094794399551,0.688546071342331,-2.190511471589764
TCGA-AP-A3K1-01A,-1.123782878166058,-0.6897409699415851,-1.029576056929211,-0.567763741590248,-0.37993622675537
TCGA-AP-A5FX-01A,-0.0007433427242184508,-0.21228306120624688,-0.2698229082852457,-1.1788953798728512,1.017945609134281
TCGA-AW-A1PO-01A,1.165503007539691,-1.3735301737583865,-0.05830264453615832,0.3371833694660131,-0.4259599730509644
TCGA-AX-A05S-01A,0.11216773530797014,-0.031974368254874846,-0.34970035427182333,-0.5279390509858164,0.4381033885795737
TCGA-AX-A05T-01A,-0.7239595646746776,0.2267250757538452,-0.5153132282563678,0.47085210164909724,-0.8083680073748306
TCGA-AX-A05U-01A,-0.8014513569136897,-0.9878512506026507,-0.9685765076818734,0.9440429043485348,-1.8633359427479395
TCGA-AX-A05W-01A,-0.3412959062518221,-0.39620951021205936,-0.6288114320988952,-1.7575413297979545,1.3021023802770288
TCGA-AX-A05Y-01A,-0.13036955380551907,-1.2264429859459716,-0.7863177971859412,0.4915244295820302,-1.2059012085611742
TCGA-AX-A05Z-01A,0.8263386191761911,1.5597758725857531,3.650101019720133,-0.9927422301337132,3.0048140672944053
TCGA-AX-A060-01A,-1.7788994217889285,-1.5406137691722779,-1.5611642628601088,-0.4086726969081434,-1.2182197876989618
TCGA-AX-A062-01A,-1.029923772041946,-1.0379702318925856,-0.7432150635079355,-0.1831621892088856,-0.7538741666052702
TCGA-AX-A063-01A,-0.14276238345231226,1.4444797018860864,1.1151496014401057,-0.1828646006133422,0.9884869072379688
TCGA-AX-A064-01A,-1.1113789415238418,-1.1848864078172157,-1.479781509490201,-0.955173106858108,-0.30350917941897815
TCGA-AX-A06B-01A,0.2895080918853988,0.33387698018252154,0.39625893345559904,0.3902830984454537,-0.05040176327094725
TCGA-AX-A06D-01A,-0.82639211020923,-0.7804244552238824,-0.10031334150399833,0.16509738721641706,-0.7341406895287873
TCGA-AX-A06F-01A,0.0006534786047735043,0.9682695915918915,1.2719723427946408,0.1541146632204361,0.5928504744433325
TCGA-AX-A06H-01A,-0.30406162185859115,1.3895041933769599,0.20477057595070547,-0.1747998886462356,0.6048709378025936
TCGA-AX-A06J-01A,-0.2642496689789888,0.07689984445280082,-0.12481259452320971,-0.16246528538953142,0.05841114570639884
TCGA-AX-A06L-01A,-0.14115281255258305,0.3882118355938452,-0.5560922697720284,-0.5111342156557155,0.40812313341212675
TCGA-AX-A0IS-01A,-0.2422124010605536,-0.1791503078747541,-0.15821776505772422,0.3973014475443063,-0.5904949388753169
TCGA-AX-A0IU-01A,0.38318500635294533,-0.35093712762542556,-0.4632041981808401,-0.29453540342712703,0.15088329694268693
TCGA-AX-A0IW-01A,1.1940399566246103,-0.545016711833974,-0.5681172762224845,0.08842011748492601,-0.06145146129554212
TCGA-AX-A0IZ-01A,0.8945288240434889,1.550786520177714,1.1466808394186325,-0.6699668943757732,1.8672989555890518
TCGA-AX-A0J0-01A,-0.4946734166730465,0.19956700998849247,0.7842297025494205,0.36048424419363445,-0.19744314557201229
TCGA-AX-A0J1-01A,-0.48818639831407573,0.8210726974318161,0.01734018693371161,0.13137996194879542,-0.014637799931644768
TCGA-AX-A1C4-01A,-1.5784382489408264,-1.2143175379082367,-0.8199757997806378,0.5649287071806667,-1.7691725693905669
TCGA-AX-A1C5-01A,-0.1171726626780583,0.5015369843462854,0.21172537706137248,0.077619831815225,0.12107673442797484
TCGA-AX-A1C7-01A,0.03768370964544298,-1.183192121259854,-1.2743600869739418,-1.0035070421571077,0.19688420929432338
TCGA-AX-A1C8-01A,-0.022344577110312326,-0.8355079699133723,-1.213192667065952,0.022372115388185725,-0.7127205200847312
TCGA-AX-A1C9-01A,0.7330434750988257,0.24105532706623695,0.2880788481895035,0.2227219860977545,0.1980038973537676
TCGA-AX-A1CA-01A,0.6334399798204214,0.08309372081868589,-0.43932769688098805,-0.24834456583415093,0.34074656708685735
TCGA-AX-A1CC-01A,1.188548797755255,1.0548516186414543,2.0816392753805286,1.6094652481120557,-0.1677853508529763
TCGA-AX-A1CE-01A,-1.1929784134344636,-0.18530037854457382,-1.1879621599872714,-0.4469472908778182,-0.4084663597776181
TCGA-AX-A1CF-01A,0.15269175360034593,-0.1632180236961645,-0.13811940897461703,0.12844494091401312,-0.17799350060415833
TCGA-AX-A1CI-01A,-1.4120515999888772,-1.1858659209251803,-0.7976920788881933,-1.0846802221407856,-0.04718964445996465
TCGA-AX-A1CJ-01A,-0.4519094713252246,-0.14063947983069794,-0.899640855981893,-0.7496542886174815,0.2522576862382097
TCGA-AX-A1CK-01A,-1.48400838604545,-0.9073739191747736,-1.2942849926525153,-0.6791700677286516,-0.5493856982289278
TCGA-AX-A1CN-01A,-0.45078460526322495,-0.5421357769688754,-0.4667328654012062,0.3842312697744907,-0.8707823523189262
TCGA-AX-A1CP-01A,0.4415568197418077,-0.35851666468610766,0.3676853126043973,0.7310373825488523,-0.5807955599954865
TCGA-AX-A1CR-01A,-0.5760592998286327,-0.5403315050561391,-0.6943517641468739,-1.463611518091759,0.8600306617478771
TCGA-AX-A2H2-01A,0.7100112370898576,0.2548386182353807,0.14852521165135707,-0.7892201540506614,1.1603451763761932
TCGA-AX-A2H4-01A,0.8039494339089927,1.4831522540755087,1.207057281827259,-0.6929559294281916,1.8576755860321117
TCGA-AX-A2H5-01A,0.3282877305973132,0.3078813780269235,1.7991038885948205,0.22565664648664374,0.5861010192530419
TCGA-AX-A2H7-01A,-0.646906302252567,-0.7432132910930094,-0.7659499152764236,-0.5219718736975427,-0.19671796250979068
TCGA-AX-A2H8-01A,1.1009793250304136,-0.6358073346297046,1.3369457137762268,0.5856106109919014,0.015095290400410577
TCGA-AX-A2HA-01A,0.05362447753092408,0.04843759858501945,0.17305351461330018,-1.0260387561536695,1.1177439530634175
TCGA-AX-A2HC-01A,-0.46342957776757016,-1.5028658841584608,-0.9801316150053738,0.6683194528784315,-1.6504618118555663
TCGA-AX-A2HD-01A,0.0519351991156832,-0.014359387592675188,1.6745882148975326,1.2483813071122505,-0.6776599649720703
TCGA-AX-A2HF-01A,-0.38203565878992074,0.5229968554921195,1.2251563643488237,0.23229066697815692,0.22308185337218395
TCGA-AX-A2HG-01A,-0.5914894878299591,1.1914482865255511,-1.0136124500703112,-0.5876889382091877,0.4498043877509479
TCGA-AX-A2HH-01A,-0.469788210285086,-1.6229814095951467,-0.5228625572713719,0.6054331803096524,-1.4773105726935205
TCGA-AX-A2HJ-01A,-0.5776580974014248,0.2078160289828553,-0.3357746431900136,0.4162677581995788,-0.6514733287357731
TCGA-AX-A2HK-01A,1.1920968849213902,-0.7118592412615605,0.1037194012698095,-0.11716081094769198,0.3118131592575717
TCGA-AX-A2IN-01A,0.36156569208117534,0.33511685122461143,0.7182299397936007,0.0759205500104538,0.39571694435600874
TCGA-AX-A2IO-01A,0.08527652109502627,-0.37677677666483356,-0.25356438155590727,-0.4613534880583285,0.2796652756830903
TCGA-AX-A3FS-01A,0.8078711375385861,-0.010614322850119692,0.6936642648133333,0.5522860521797612,-0.05531235901249465
TCGA-AX-A3FT-01A,0.6171531332553432,2.5938337875146233,1.0241544671329899,-0.4122745878648888,1.823988383832541
TCGA-AX-A3FV-01A,-1.15716764155647,-0.799873522869334,4.6438626322440175,-1.2680835483830455,2.16369070432245
TCGA-AX-A3FW-01A,0.03398176831130575,-1.2436488256952,-0.7939298766780017,-0.5608027936539699,-0.1070628510333288
TCGA-AX-A3FX-01A,-0.3811890137696839,-0.6900736989214432,-1.0432773404841469,-1.1334399574423744,0.42859327305061645
TCGA-AX-A3FZ-01A,-1.5914534459035132,-1.7664111698199734,-1.468368958291887,0.20525844305529437,-1.8140029677270857
TCGA-AX-A3G1-01A,1.1686871547810336,0.5555669767023321,1.142327375037379,-0.39287377801635764,1.3484009468566058
TCGA-AX-A3G3-01A,1.822476470163877,1.637524173842746,1.4469713686053087,-0.30269410834677024,1.9383514458840807
TCGA-AX-A3G4-01A,-0.31221336862117377,-1.0360679863687656,-0.9716104725091954,-0.22049506906354274,-0.5528022067695021
TCGA-AX-A3G6-01A,0.930411981340459,0.23691808965508024,0.15435286341176263,-0.48840590412978063,0.9289668822655479
TCGA-AX-A3G7-01A,0.6066058845285549,-0.47246628501951654,0.3565422476421864,-0.7126406870863474,0.8762013028034223
TCGA-AX-A3G8-01A,-0.39908501500923177,-0.9234546045016723,-1.4502825299727284,-1.7413630247320508,0.8170889749041734
TCGA-AX-A3G9-01A,-0.9755658847686337,-0.7057933642344034,-1.1281698925989965,-0.20968880676295704,-0.7268209071043874
TCGA-AX-A3GB-01A,-0.24889279963523753,0.436477971725808,-0.23152749222059546,-0.40589066208999997,0.3912432220466583
TCGA-AX-A3GI-01A,1.1988534970326468,-1.2885796887326333,0.6705560872118289,0.3931165464901527,-0.19950658131953858
TCGA-B5-A0JN-01A,0.1860131670926834,-0.5904643471059222,-0.9659106474273893,-0.483211621905422,0.02642434609187927
TCGA-B5-A0JR-01A,-0.35285439214364894,0.9176333379570598,-0.19503974972890772,-0.10472787532636113,0.22797427402119552
TCGA-B5-A0JS-01A,-0.5348737202448552,1.8840068287154073,-0.5441434008505834,0.3659070694718729,-0.0975771669318834
TCGA-B5-A0JT-01A,-0.028085734392273756,0.19955484036205673,-0.22276795174361466,0.8901343020106367,-0.9072339172685806
TCGA-B5-A0JU-01B,0.545951286791975,-1.3576588586605536,-0.17112720467708747,0.22205454172173114,-0.5496661339036198
TCGA-B5-A0JV-01A,0.24735290066580393,-0.7708707828328796,0.12108899681749671,0.7190420453890032,-0.8531850071721961
TCGA-B5-A0JX-01A,0.954131846423002,0.45398826812795945,0.5896850831777225,0.5233927323245833,0.14254233358497803
TCGA-B5-A0JY-01A,-0.6300726721123018,0.3407143935152631,-0.7021274874670089,0.37092292308303604,-0.7014181784377186
TCGA-B5-A0JZ-01A,-0.012307955822047235,1.4917583014733695,1.1407021474625876,-0.3871604410348513,1.2605446054061547
TCGA-B5-A0K0-01A,0.14995474289852112,1.3095392895628453,0.8018231950505186,0.43310330586080303,0.32066910330982523
TCGA-B5-A0K1-01A,-0.5720056141652461,-0.8119946130684071,-0.3260874283590809,0.08107468663878997,-0.6511039051697014
TCGA-B5-A0K2-01A,0.3339692461202306,0.9194333429333692,-0.5433688527603249,-0.5442723457378067,0.780950257835565
TCGA-B5-A0K3-01A,0.31133158481759116,-0.6306470763675713,-1.0523825930510082,-0.3500083719485216,-0.1072243229184745
TCGA-B5-A0K4-01A,-0.30045078499810224,-1.0834426772997183,-1.215540859041172,-1.1949177863991427,0.32843967928614526
TCGA-B5-A0K6-01A,-0.033764391151854097,0.20702446225931553,-0.011356207961076132,-0.10306868347127193,0.15703663785340036
TCGA-B5-A0K7-01A,0.24867264942499992,1.2112815521906093,0.07610711675028546,0.4577730914276108,0.05424734802768738
TCGA-B5-A0K8-01A,0.34473218325689975,0.32602113295125595,-0.438228738401586,0.056569434209808755,0.020938758392381143
TCGA-B5-A0K9-01A,0.12709911149821074,0.13114613690887922,0.8136975379061842,0.4469705580422634,-0.08965629593783869
TCGA-B5-A0KB-01B,1.0981142018435408,0.1515300759194654,0.14785421203702648,-0.20787224373246183,0.6737050736658061
TCGA-B5-A11E-01A,-0.7299389120684818,0.39174922129400375,0.2178141251324834,0.5752189665883081,-0.6153441551356397
TCGA-B5-A11F-01A,-0.3002296024490538,-0.059265361779110404,-0.7108871973375448,0.7096938663295901,-1.0664879201848265
TCGA-B5-A11G-01A,0.44291608459658055,0.2566032581924544,-0.7690020281736396,-1.3454162122293547,1.322255317101153
TCGA-B5-A11H-01A,0.52901368139073,0.5746588393679117,1.6160717655738854,-0.3766409538133223,1.2832223825908313
TCGA-B5-A11I-01A,1.5804386449697352,0.8016530949288552,1.7666814260903296,0.5230816541963392,0.859842734466634
TCGA-B5-A11J-01A,0.5915291338281884,-0.3113489282951242,0.38214475790782454,0.0021385233167681584,0.21863646449686142
TCGA-B5-A11L-01B,-0.4051467784454108,-0.051882182256598255,0.8469336319830761,-0.17401404824397768,0.30398227200433336
TCGA-B5-A11M-01A,-0.6183627618245272,0.30433899990246105,-0.7831276588338328,0.9017654753197709,-1.2674826155717374
TCGA-B5-A11N-01A,0.5284911596832611,0.7947625861534493,1.219801886372697,-1.0382801486216613,1.8859653593581305
TCGA-B5-A11O-01A,-0.3413745816510961,-0.07906752341309359,0.10612236744585297,0.19606322461427383,-0.30083647048705275
TCGA-B5-A11P-01B,-0.6752881175890462,-1.012470593253072,-0.555994818820809,0.008028534364437317,-0.755946377585413
TCGA-B5-A11Q-01A,-1.7127522302146587,-1.641130813137261,-1.712662474565426,-1.3110302356066985,-0.3778182703657502
TCGA-B5-A11R-01A,0.668267021089124,0.3540591201635758,0.6699454790112614,0.3152377152288294,0.24885282485915772
TCGA-B5-A11S-01A,-0.5415440204643484,-0.07732070845416894,-0.3211763554599936,0.80057214460086,-1.1139191727270303
TCGA-B5-A11U-01A,-0.22336904381122027,0.23159473808054643,-0.10936718854344338,0.7919115775819842,-0.8256254090066899
TCGA-B5-A11V-01A,-0.9540886123212448,-0.1311531562216916,-0.5049463977472538,0.5477940307831342,-1.0778567528798642
TCGA-B5-A11W-01A,-0.8148221744381409,-0.4792860149658782,-1.0239484467953492,-0.09217422428187295,-0.6805113211179165
TCGA-B5-A11X-01A,0.2586356399921151,0.914223733363108,0.016333073639399974,-0.8876423358358659,1.284039818167407
TCGA-B5-A11Y-01A,1.212641033339464,0.998836725835665,1.0276524185541696,0.14004167447844743,0.9396683847646521
TCGA-B5-A11Z-01A,-0.7958745027564814,-0.07298566246799837,-0.22505624316687997,0.6771188763837255,-1.0417576791808454
TCGA-B5-A121-01A,-0.23780610654361967,-0.00910104690074743,-0.2164080174960473,0.4481555973232655,-0.602593987636737
TCGA-B5-A1MR-01A,0.08266115801109884,1.9589794853470601,1.7797851671314648,-0.4497163679758306,1.7235249714723717
TCGA-B5-A1MS-01B,-0.3943516255379204,0.33466613891718666,-0.3824804350446792,0.25216106216381273,-0.3995497027189504
TCGA-B5-A1MU-01A,1.4710588634226676,0.912078491327986,2.2402374267282483,0.8173143308351225,0.7238105963245112
TCGA-B5-A1MV-01A,-0.9008558738857505,-0.36167684513327125,-0.564002555773535,0.36141523654423874,-0.9702603281417577
TCGA-B5-A1MW-01A,1.1338499698294895,-1.0775926193744083,-0.5980708909675352,0.6649201732214081,-0.8455246867255594
TCGA-B5-A1MX-01A,0.11334865899629037,0.39813192417658333,-0.015522910195592399,-0.25417995402980853,0.41949917835556894
TCGA-B5-A1MY-01A,0.8290944732956619,-0.2322305052765669,0.9302783668307214,0.9947494957452582,-0.48570205079531936
TCGA-B5-A1MZ-01A,-0.04226827478385269,0.4023773913800098,0.989071527693482,1.260009749196332,-0.8102828677664524
TCGA-B5-A1N2-01A,0.4682386047239922,-0.46915340666623995,-0.538824791517014,0.0826834390833439,-0.2625966369030978
TCGA-B5-A3F9-01A,0.05136278241888244,0.6429743433112616,-0.8487745711889152,0.49778699908361784,-0.5492661475698749
TCGA-B5-A3FA-01A,1.2754922363220684,0.1334529775400567,1.2220822447958704,0.17462477117299302,0.7023843817130055
TCGA-B5-A3FB-01A,0.16966814612591968,0.09221483009678713,-0.0960317516050621,0.10905503282961186,-0.05377129129039695
TCGA-B5-A3FC-01A,-0.11868292935361623,1.5032454854858417,0.6791852124220068,-0.257676961067196,0.9455928839186067
TCGA-B5-A3FD-01A,-0.25711471730272434,-0.16843495422864257,-1.1912340291511263,-0.001542873413933067,-0.5373850268135646
TCGA-B5-A3FH-01A,-0.5429815892448542,-0.36716335769890435,0.23102503161669222,0.16460113103352458,-0.3909744361425467
TCGA-B5-A3S1-01A,0.9570110479511329,-0.13554898218825776,0.9267282702766289,0.44030736710927765,0.14242274490389029
TCGA-B5-A5OC-01A,1.4873982084832853,1.5363716373067726,2.967141802782045,0.2439649199728383,1.753005629551196
TCGA-B5-A5OD-01A,-0.43970530619917025,0.057096164255259846,-0.7846670523548325,-0.07027161037313646,-0.3188204543931112
TCGA-B5-A5OE-01A,-0.05753394972220052,-0.9753797547739309,-1.1173799256499504,0.48145172355581756,-1.1982162669378447
TCGA-BG-A0LW-01A,-0.441070966550539,0.6694484869703416,-0.19560322111307488,0.6687197117769677,-0.6577949453413917
TCGA-BG-A0LX-01A,-0.5268907279474878,0.33553911050820534,-0.3550367059615063,0.2920663205074893,-0.47419576164108557
TCGA-BG-A0M0-01A,-0.9721919790586013,-1.3967464364829698,-1.310348713727852,-0.12203043246770401,-1.1043986106221038
TCGA-BG-A0M2-01A,-0.3224794356652177,-0.007743942867116924,-0.4476823582837388,-0.08936894283591812,-0.16993296943610636
TCGA-BG-A0M3-01A,-1.1072067361938809,-0.9744147974922813,-1.2663918599401351,-0.8385220500876931,-0.2774824144544059
TCGA-BG-A0M4-01A,-0.6728171617308167,-0.9086958521055649,-0.7122628905120151,0.09576147970251896,-0.8603534478186512
TCGA-BG-A0M6-01A,-0.8998788255363372,-1.4781570702488431,-0.8447956821007746,0.7447571111678822,-1.819034303796534
TCGA-BG-A0M7-01A,0.15751478058120913,-0.1557213726074953,-0.4439135914282132,-0.10267056518653127,-0.04470282929830184
TCGA-BG-A0M8-01A,-0.43589149403434857,0.519416761076379,-0.4827877678503996,-1.35680834484724,1.2237208445777836
TCGA-BG-A0M9-01A,-1.0416012060030084,-1.1978616865564975,-1.2394648277243605,-0.5982340362992502,-0.5614085371287052
TCGA-BG-A0MA-01A,-0.4377542592542651,0.25109226287106856,-0.7406341483247632,0.6796125301211475,-0.9887112450238007
TCGA-BG-A0MC-01A,-0.9724193761544911,0.14416683567612487,-0.43119227515223923,-0.8379687314217303,0.41815379287819515
TCGA-BG-A0MG-01A,-0.02499893901380492,-0.23062717231205987,-0.30234029458920464,0.36454438548947266,-0.5505331874611624
TCGA-BG-A0MH-01A,0.239600677413642,0.5180402823209469,0.9881688453319506,-0.3268914141044635,0.90882801579331
TCGA-BG-A0MI-01A,0.46844647495105585,0.2378754604092238,0.6422099556875688,0.48148064702305465,-0.03197001667377186
TCGA-BG-A0MK-01A,-0.048986167071778185,-0.134059917899301,-0.5094095170732768,0.2600812554022965,-0.4908997894170818
TCGA-BG-A0MO-01A,0.18760382722910274,0.24233895649628912,0.12713756742710938,-0.191666706990054,0.3773601573742211
TCGA-BG-A0MQ-01A,-0.9145811587882965,-0.7922061851995218,-0.7698749678343847,0.12702685391798713,-0.9525809578587214
TCGA-BG-A0MS-01A,0.0758561002496087,0.13076060553446395,-0.07046887697278599,0.6012341165400459,-0.5558515069362837
TCGA-BG-A0MT-01A,0.43545406160289396,-0.33421031717161886,-0.6947712554284954,0.23585716875848087,-0.4336996724242209
TCGA-BG-A0MU-01A,-0.6886873103882672,0.48159223308114246,0.18427776094684528,-0.36374950108891785,0.3561437289688247
TCGA-BG-A0RY-01A,-0.7020515277559853,-1.3454095762234386,0.6812098734845928,0.003294298293883286,-0.45871137512549365
TCGA-BG-A0VT-01A,-1.1037199028378892,-0.02521893971203954,-0.6651134465937171,0.09415197509483979,-0.6921694048093883
TCGA-BG-A0VV-01A,-0.42586188225960125,-0.19516413045114722,-0.5897191752550703,-0.06768041353112404,-0.3359013157908156
TCGA-BG-A0VW-01A,-0.38277294760305397,-0.12717009502596913,-0.7622504020157842,-1.37597303464373,0.951908553095461
TCGA-BG-A0VX-01A,0.32590090630302265,1.0713083879393697,0.4313492426883787,0.6670080959106314,-0.05748858360037434
TCGA-BG-A0VZ-01A,0.22123508355101895,0.4771143559687319,0.6255063276914954,0.4080133503590033,0.03327190537807878
TCGA-BG-A0W1-01A,-0.6265760187833849,-0.7379715497931025,-0.8819534449637388,-0.3982451647825063,-0.35058850639756906
TCGA-BG-A0W2-01A,-0.5887222760459773,0.6064469888750366,-0.544918266965113,1.0384498751872264,-1.2141810598992444
TCGA-BG-A0YU-01A,-1.1299372214635595,-0.5964574951337385,-0.8070192135022902,-0.29081779388447876,-0.5536535161487173
TCGA-BG-A0YV-01A,0.8013606342929495,-0.5916322505855657,0.9614526170324286,0.5244079566700807,-0.13401428975680985
TCGA-BG-A186-01A,-0.7891940293955141,-0.5358419080086717,-0.44079397104433377,-0.01952215382185405,-0.5690878156609858
TCGA-BG-A187-01A,-0.684178743982049,-0.4557891270781739,-0.7060273965111048,0.19764994913703834,-0.8129817049941477
TCGA-BG-A18A-01A,-0.026760739441691692,0.11936537847620775,-0.7250091745413718,0.247672355234608,-0.4584738670702266
TCGA-BG-A18B-01A,-0.5933845616407547,1.4352296619094238,0.7966432485300597,-0.04251575710783988,0.5886785400407494
TCGA-BG-A18C-01A,0.7150458348846803,-0.012805823967294863,-0.4091567897576675,-0.11373674406079919,0.21143115111403848
TCGA-BG-A220-01A,0.15808726364861164,-1.0723529093174673,-1.3531225562383107,0.1154406882288202,-0.8712367555312088
TCGA-BG-A221-01A,1.6489161008334186,1.1692573750761648,2.2512997841044755,0.24480538248793998,1.4450190375167462
TCGA-BG-A222-01A,0.7802759934197471,0.1330129423367291,1.9650466801403028,0.5635629658840857,0.3958822394148406
TCGA-BG-A2AD-01A,-1.0405252484374437,-1.3429939720692434,-1.5901019666855414,0.4012658234893278,-1.7258062192200707
TCGA-BG-A2AE-01A,0.8113569315112049,0.9783570697206218,1.7912259403489732,1.0014564986357528,0.19219014855784722
TCGA-BG-A2L7-01A,1.3042018368231603,1.1163338432972707,2.127328602717571,1.1915908214653785,0.32436393948062237
TCGA-BG-A3EW-01A,0.10847970788580513,-0.6913720049964703,-0.7069772428840245,0.6180026111457597,-1.047959124477323
TCGA-BG-A3PP-01A,-0.9035803670042903,-0.833164511760327,-0.9305229913400427,0.004644107672739496,-0.8937333977076262
TCGA-BK-A0C9-01A,-0.17352142909895124,0.30985858100339936,-0.38505995636007506,-0.40392277734682047,0.3210151758616115
TCGA-BK-A0CA-01A,-0.6740205380099759,-1.0227008626472045,0.6722342417813645,0.26448532748245096,-0.6059810471077229
TCGA-BK-A0CA-01B,-0.10366206446724725,-0.42719019016169657,2.273014213827961,0.7587572898453429,-0.17803663677900383
TCGA-BK-A0CB-01A,-0.8265337109085273,-0.06790709027917505,-0.7509790548295434,-0.0614893348248684,-0.4869839505142136
TCGA-BK-A0CC-01A,-1.0275967614122201,-1.3717115743651522,0.587293918780331,0.6544845970167974,-1.258489402682478
TCGA-BK-A0CC-01B,-0.6190442423385131,-1.2430052677033017,2.551707248407777,1.385553118223867,-1.1556672054352128
TCGA-BK-A139-01A,0.18505846361453535,-0.2560425033978114,2.0864985725442877,0.0994786525014239,0.57235952508558
TCGA-BK-A139-01C,-0.08911533999919348,-0.8202645438015206,1.900966525924658,0.19277748587444551,0.1377513948335358
TCGA-BK-A13B-01A,-0.3039655321876704,-0.5522981115192768,-0.7159716720667153,-0.05123702496177351,-0.4728414136294473
TCGA-BK-A13C-01A,-0.62839664013355,-1.3892466047236391,-0.9405320852163481,-0.025296662420709333,-0.9607617809371364
TCGA-BK-A26L-01A,-0.4878172648851532,-0.8152214398342121,1.2604326057151107,1.2028629588287005,-1.2170649918301188
TCGA-BK-A26L-01C,-0.44293267186166896,-0.790739382306779,1.1288472728833596,0.8602682471903892,-0.8952098409520852
TCGA-BK-A4ZD-01A,-0.2833325228800597,-1.5710716998400054,-1.3028063401065981,-0.3262575456970946,-0.7261459752451265
TCGA-BK-A56F-01A,-0.5278400836676324,-0.03177740899882511,-0.1912607926864219,0.762992322080153,-1.013285083864446
TCGA-BK-A6W3-01A,1.3839268881654552,0.8714591525409205,1.7986841874042945,0.7020087419978056,0.649348000705751
TCGA-BK-A6W4-01A,-0.5704805855042836,-0.08277775912069879,0.5684307147834746,0.8527229574386888,-0.8809988340525247
TCGA-BS-A0T9-01A,-0.21074613882653742,0.5466496387519771,-0.8290761060309785,0.016878696446786263,-0.18126956514863252
TCGA-BS-A0TA-01A,1.6104667295705306,3.021775528051362,1.8685096168274964,-0.9156723916193863,3.0825896831025155
TCGA-BS-A0TC-01A,-0.4518234435066814,-0.7289424829333997,-0.7392376249571774,-0.17750121260363924,-0.46249997119544684
TCGA-BS-A0TD-01A,-0.2432689986637074,-0.17103940820417068,-0.6590315624643783,-0.6206327620717818,0.26285277229436294
TCGA-BS-A0TE-01A,0.3430478286286372,0.31584270031012274,0.09400776897784892,0.03276451834848551,0.21820158095705075
TCGA-BS-A0TG-01A,0.6738431626423009,0.3904730557445374,0.390366258976333,-0.052196819847291444,0.5370909789683486
TCGA-BS-A0TI-01A,0.7373266906334557,0.47137368348349395,0.763324973847093,-0.6851997130704944,1.3425414957251753
TCGA-BS-A0TJ-01A,-0.47844902295688135,0.6071618680133807,0.3771589504091438,0.5538808452561303,-0.3852569134342493
TCGA-BS-A0U5-01A,-0.13372930480124412,-0.1329162312309388,-0.6631527332792414,0.3180495883960518,-0.6279823448331932
TCGA-BS-A0U7-01A,-0.22275449134778355,0.39416428764754013,0.4567610636991042,-0.2969508500570313,0.5063411367233183
TCGA-BS-A0U8-01A,-0.7223157627097939,-0.31566272624895864,-0.9632485476848994,-0.015515192830389633,-0.6515604860508276
TCGA-BS-A0U9-01B,1.2545447886020922,-0.6684284968954024,2.1226912871592516,-0.01910829925509415,0.9220441588770746
TCGA-BS-A0UA-01A,-0.39253720109456225,0.366263262067674,0.23352788915531608,0.12257850654176752,-0.05349385649895824
TCGA-BS-A0UF-01A,0.5542734175402124,1.0024244659577002,2.0873392596508524,0.4568127089905377,0.7578663387257173
TCGA-BS-A0UJ-01A,-0.15931171962859128,-0.29688247852240024,-0.6940372068671351,-0.9584926693566492,0.5750822010172737
TCGA-BS-A0UL-01A,0.511068510774233,0.6284342997751835,0.4416584577592987,0.4413463730950397,0.08570738300786535
TCGA-BS-A0UM-01A,0.8357063606009049,0.9994478447967967,1.3915106967113946,-0.029216239046346848,1.1047712064160455
TCGA-BS-A0UT-01A,-0.6734992272191074,-0.8714557634904255,-0.7908372142117971,-0.3773361817496741,-0.4012612198907691
TCGA-BS-A0UV-01A,-0.1860358248810505,0.45260556877185865,-0.05770387039123686,-0.2429780412511961,0.3125999990843865
TCGA-BS-A0V4-01A,-1.165972081239363,-1.3744223814507195,-1.5005639500462995,-1.7329436863021113,0.38595754872331733
TCGA-BS-A0V6-01A,1.3613773031940755,0.2594961860571413,0.23564310211510772,-0.01576147762438038,0.6346003414131552
TCGA-BS-A0V7-01A,-0.828578425168402,0.43697269540583916,-1.5086185350236645,-1.3675360252268505,0.7341279369647747
TCGA-BS-A0V8-01A,-1.2119492641452159,-0.5349655567033709,-1.3978015677618327,-1.2464663539897138,0.19822755778624068
TCGA-BS-A0VI-01A,-1.0806817513837745,-0.9632142862313924,-0.9169055872851432,-0.7697173960487581,-0.217216478918012
TCGA-BS-A0WQ-01A,-0.4382991547086774,0.13714429437744513,-0.7190501936588172,0.4234371076665261,-0.7635054589965427
TCGA-D1-A0ZN-01A,-0.3022553259475197,0.48041710621980316,-0.24883822524301008,0.7074913737490782,-0.7310501887393204
TCGA-D1-A0ZO-01A,0.8047205356261915,0.23698670362299062,1.1179613221075084,0.5630019841075368,0.15688753634469355
TCGA-D1-A0ZP-01A,0.30166219350901097,-0.5251297544558695,0.027596465082004258,0.8889516083098895,-0.9542419735981743
TCGA-D1-A0ZQ-01A,-0.9226491608783174,-0.34667210131037635,0.012659752014534268,0.31895373364766444,-0.7378409037057176
TCGA-D1-A0ZR-01A,-0.9271603820293063,-0.9745304525352396,0.01777164244437519,0.46859697837472974,-1.0965700424147866
TCGA-D1-A0ZS-01A,-0.8030880210813635,-0.34982347020153687,-0.9596244528659442,0.3943747334065431,-1.098553381456158
TCGA-D1-A0ZU-01A,-0.7040059219074027,-0.44239387283590786,-0.9225774309496663,0.8684470548960386,-1.558106130127031
TCGA-D1-A0ZV-01A,0.30833329236773555,0.6933183910806263,-0.04993704561274747,-0.06959250258764894,0.38683071519952034
TCGA-D1-A0ZZ-01A,-1.084336331595649,-1.1122967120878984,-1.21360684163042,0.5662505047633649,-1.7029971332013538
TCGA-D1-A101-01A,0.5370045591518486,1.0948952707547832,0.44171589324269145,-0.2983310643111029,0.9895363053608773
TCGA-D1-A102-01A,0.1969913006820958,0.9645330168456354,1.3565364904931503,0.9240200122690497,-0.0846664095954226
TCGA-D1-A103-01A,0.6920487633215481,0.2173308806799644,0.5420935551498282,0.16620732158341617,0.31761707813369744
TCGA-D1-A15V-01A,0.6538289971079467,0.6027771532408295,0.3390363147803325,0.7017960641870894,-0.16991524247738643
TCGA-D1-A15W-01A,0.040991522738439666,0.04833438410837326,0.6646452490859286,0.6758465301728235,-0.4245228115285763
TCGA-D1-A15X-01A,1.6957209130290674,1.8681647835805797,4.485574952223033,-0.22156485642606538,2.9047184060369586
TCGA-D1-A15Z-01A,-0.6432953451530861,0.19320739290421066,-0.46144233570793053,1.4581570071222325,-1.7620004364411679
TCGA-D1-A160-01A,-0.27386689815490967,0.20554351164507403,-0.42727420817728745,-0.6130438447816996,0.44784464655265854
TCGA-D1-A161-01A,-0.208023399251384,0.3303506286721133,-0.341593534037403,0.206291955419147,-0.2793807236247049
TCGA-D1-A162-01A,-0.1404740889314038,-0.7728281493597204,-0.2815826870847427,0.49208436278411694,-0.8903793379094058
TCGA-D1-A163-01A,-0.5706743293495757,0.7309030978496458,0.30822043072345207,0.6607363315530397,-0.5045865984785323
TCGA-D1-A165-01A,-0.8168777454356949,-0.8693115454590682,-0.46543206235940676,0.6172471238617184,-1.3344542416131084
TCGA-D1-A167-01A,0.23080651478470046,0.08744483497428371,-0.10061954138223876,0.009456644118670655,0.06308729200691114
TCGA-D1-A168-01A,-1.333216941830679,-1.5827255186087787,-0.23103522552914496,0.05155257554307094,-1.1005451375326052
TCGA-D1-A169-01A,0.2919187167891335,0.31652062470179326,-0.4262732172263334,-0.2569158673318359,0.31763790875336706
TCGA-D1-A16B-01A,-0.17667672716992364,0.9606732670493043,0.4351569631601761,0.7588159942027433,-0.35243149318955763
TCGA-D1-A16D-01A,-0.701413722940631,0.0822712593706548,-0.17311501416318018,0.13121198186752667,-0.3952978077785788
TCGA-D1-A16E-01A,0.2559538159077612,0.09810095421265444,0.17166234599202532,0.22775458834544227,-0.05251554964129526
TCGA-D1-A16F-01A,-0.5101929684760667,-0.03602230001791436,0.3673268839884437,0.645277750397419,-0.7049072118992648
TCGA-D1-A16G-01A,-0.26947473390252713,-0.8202318779301606,-0.3053243935118085,0.17836241027956376,-0.6433727453943958
TCGA-D1-A16I-01A,-0.4889134978085783,-0.5061412947704793,-1.2394648277243605,0.16290759994521625,-0.9077474733796889
TCGA-D1-A16J-01A,0.4723899764543507,0.18368267949503167,0.2447817276683096,-0.2546554403638939,0.5549402349031246
TCGA-D1-A16N-01A,0.6717939876064172,-0.5680058279711182,0.007461683675747033,0.5851719815054113,-0.5480887004017293
TCGA-D1-A16O-01A,-1.2244150576115742,-0.9309601353651441,-1.1165928327445782,0.26281682243068394,-1.3534728310044495
TCGA-D1-A16Q-01A,-0.4979101953948939,0.5805159788378568,-0.45940433724267227,-0.38423388296987604,0.2586343650366396
TCGA-D1-A16R-01A,0.2529199879736464,0.7566936223073619,0.11536239545719772,0.48862008476925856,-0.11362808285652326
TCGA-D1-A16S-01A,0.42984419635215976,-0.9739552483427707,-0.9412490559317752,-0.3020949415009264,-0.19302509447320232
TCGA-D1-A16V-01A,0.6289633150824863,0.2096043507813906,1.0311438984204044,-0.2670390317822165,0.8902762198769769
TCGA-D1-A16X-01A,0.7424736141886171,0.7167324800345583,0.7154499198737024,-0.02024462094638811,0.7451299589786808
TCGA-D1-A16Y-01A,-0.8383578266874778,-0.61848315264754,-1.4278768878696315,0.23757808793038665,-1.1991507103319363
TCGA-D1-A174-01A,-0.1905247567742543,1.2457628108688832,-0.7728241238492061,-0.3594319374534292,0.4535699142019035
TCGA-D1-A175-01A,-0.8972758475857897,-0.06174525066772277,-0.6669728454587702,0.25283973922529185,-0.7948377204627195
TCGA-D1-A176-01A,0.036945257106904744,-0.20265960445713493,0.24203839914806502,0.160265764795541,-0.13482441419626273
TCGA-D1-A177-01A,-1.4118402674821324,-1.0728178582399914,-0.7042345455717034,0.030349815650768847,-1.093314039415378
TCGA-D1-A179-01A,-0.5621734993860074,-0.9192973596926344,-0.8897294461559254,0.36434906539634254,-1.1547491671411982
TCGA-D1-A17A-01A,-0.16311699967432666,0.12331849739558612,-0.39890715765097984,-0.3616720632984261,0.21543684332185264
TCGA-D1-A17B-01A,0.29828844683780137,0.9594928600049218,0.5620828853424688,0.5725431760039326,0.03407822139113148
TCGA-D1-A17C-01A,-0.8267284866478356,0.08399110644796731,-0.5779504914428848,0.17442693372732898,-0.6146562242749134
TCGA-D1-A17D-01A,-0.47704551398036094,-0.4146414193318404,-0.7773113032887334,-0.41680327192045036,-0.1395294736131945
TCGA-D1-A17F-01A,-0.07179490780851629,-0.1037666839019124,-0.307287945162326,-0.8875766901004689,0.7266268444762174
TCGA-D1-A17H-01A,0.5122471223671751,0.09577816145449908,-0.4391444926875213,-0.38623400011751285,0.4425275971622305
TCGA-D1-A17K-01A,0.40805535298029944,-0.7516708679891457,0.01590128907480484,-0.5738221955437268,0.46458412023237966
TCGA-D1-A17L-01A,-0.8019509535917877,-0.20014418368064313,-0.5579447946043679,-1.11673605142415,0.5967227407985504
TCGA-D1-A17M-01A,0.6260931619358711,-0.15764146657933542,0.6425714411315712,0.28980245680050626,0.08053858869552938
TCGA-D1-A17N-01A,-0.3173171483857422,1.0421337267618402,-0.2945188063062864,-0.1502574006483653,0.29368999133830254
TCGA-D1-A17Q-01A,-0.9587192117887835,-0.6106216039364851,-0.6418202540669217,0.40631785621925176,-1.1433715461499818
TCGA-D1-A17R-01A,-0.8350253670417781,-0.5881593008138118,-0.5409504368727768,0.47912943816203385,-1.133841139738156
TCGA-D1-A17S-01A,-0.8147238278087717,-1.3819745559452143,-0.9895495257625865,-1.3906295832516269,0.32854694674610263
TCGA-D1-A17T-01A,0.43393854826454026,0.5412172290788719,0.0745728187833151,0.06729997178743453,0.28260956025480793
TCGA-D1-A17U-01A,-0.9387103375499894,-0.23264297524805871,-0.5625351842701505,0.4582113834897908,-1.0361742158458571
TCGA-D1-A1NS-01A,-0.7041751767213675,-0.41214599081166,-0.7606205665267761,-0.17459758517959262,-0.45104965950700854
TCGA-D1-A1NU-01A,1.3277475981557953,-0.03489375791710171,0.5254648088495312,0.13073590197229057,0.47537031439045097
TCGA-D1-A1NW-01A,0.46295322658180543,0.24252206780318403,0.5760949161228106,-0.3820460337869785,0.8092361039562451
TCGA-D1-A1NX-01A,0.47347041605789886,-0.6888728909907479,0.08313497458321653,-0.15925193066638904,0.1151627638831782
TCGA-D1-A1NY-01A,0.8511795502075585,0.3413241163150289,0.22941888809992023,0.6598303389681676,-0.18585615409399836
TCGA-D1-A1NZ-01A,0.5607048963504669,0.30759503818428446,0.5714357892965107,0.04717661920022201,0.43273528874353206
TCGA-D1-A1O0-01A,0.6720699084893148,-0.4955300830782061,-0.5076040061466142,-0.412165738340578,0.30181101142874284
TCGA-D1-A1O5-01A,-0.21240370657336902,-0.8576293722284207,-0.5250661512313379,-0.10300537887847128,-0.4286943644659046
TCGA-D1-A1O7-01A,0.21406009073267132,-0.1291221722152633,0.1310689247476445,-0.43577419570508036,0.5077764767934312
TCGA-D1-A1O8-01A,1.146091921478698,2.2967245996304304,1.5945873052270783,-0.7860126327799415,2.465147241558677
TCGA-D1-A2G0-01A,-0.18876733005511107,1.4744842354119059,-0.05478756393980272,-0.9218376501267641,1.3321474305990948
TCGA-D1-A2G5-01A,-0.276574582070022,-0.89385256586554,-0.14015091027959803,0.4890936477027554,-0.925953000441142
TCGA-D1-A2G6-01A,-0.9129714851097273,-0.6107596390775756,-0.20650320920373494,0.9047605581974588,-1.4815053359944714
TCGA-D1-A2G7-01A,0.518983114231574,-1.043009706680527,-0.4468544230266653,0.15814119889133282,-0.4817682040498723
TCGA-D1-A3DA-01A,-0.5833152082256773,-1.53048827182494,-0.7503308341698303,0.19097394464562845,-1.145685382719111
TCGA-D1-A3DG-01A,0.04172499446299341,-0.884479796906122,-1.043908232207812,0.05978015855564445,-0.6886678367726247
TCGA-D1-A3DH-01A,0.2675828706925402,-1.2382278526108674,-1.0582229215947405,0.06807777190752032,-0.7443670730785429
TCGA-D1-A3JP-01A,0.2483381430870268,0.12361483304370867,0.24216608428988826,0.6375219777994536,-0.43281562432591236
TCGA-D1-A3JQ-01A,0.42107783153259604,0.5350117052236745,-0.011210174811160479,0.13691495110470264,0.178044836210334
TCGA-DF-A2KN-01A,0.1906233920141924,1.5537868054657507,1.4768421160447542,0.18640614019836266,0.8873446309765366
TCGA-DF-A2KR-01A,0.11446331804447381,-0.1412991798048804,-0.32444898362580693,-0.10267246301110274,-0.014422485450968442
TCGA-DF-A2KS-01A,0.7436009850539727,0.891318842334351,1.752740716622915,-1.2460002139546278,2.3752203952917075
TCGA-DF-A2KU-01A,0.20631129353075298,1.4760132308864888,0.8853240050327706,-0.7572687774603998,1.613151620610404
TCGA-DF-A2KV-01A,0.3251543123127616,0.05924791230777254,-0.2562228590449117,-0.5567941454687185,0.5995206006605927
TCGA-DF-A2KY-01A,1.1333495637923203,1.1493738478873374,1.98317653802153,-0.9121561757870951,2.334122825687491
TCGA-DF-A2KZ-01A,0.4438819683764495,-0.1948422849954807,0.6172557486818894,-0.15944271164391818,0.44820785566487087
TCGA-DF-A2L0-01A,0.20714599192936375,-0.5215502662939231,-0.7228788064250643,-1.9333607223975247,1.5875996954676501
TCGA-DI-A0WH-01A,-0.2897934166085936,-0.17992095311435422,-0.7699841136888104,-0.27362261322969933,-0.13961021457422007
TCGA-DI-A1BU-01A,-0.3572866036632915,0.7799632291039735,0.036943406354087,-0.02709474174558983,0.18030141901051283
TCGA-DI-A1BY-01A,-0.36830059880312105,0.2910458281137715,-1.0749548790413874,-0.5824404032008188,0.1983705199572398
TCGA-DI-A1C3-01A,-0.44303277699344046,1.0160856337647286,-0.7002331445063843,-0.1512523951047926,0.10885896585976054
TCGA-DI-A1NN-01A,0.7900776814920717,0.1319087930034979,0.46908508010496536,0.09322960302524984,0.37046091517492846
TCGA-DI-A1NO-01A,-0.311344032930554,-1.306292826806363,-0.6729767346176145,-0.05735379893437066,-0.7061840658504731
TCGA-DI-A2QT-01A,0.7047915082028625,-0.9285939863595207,-0.8308788993095629,-0.14098024846319623,-0.21058021069221083
TCGA-DI-A2QU-01A,-1.6150413774413528,-1.0883384275295362,-1.3061386727136117,-0.842886087518572,-0.4936200717095949
TCGA-DI-A2QY-01A,-0.39607642025396606,-0.8711148728820322,-1.4619008522977142,-0.9681982604168814,0.05850087860564401
TCGA-E6-A1LX-01A,-1.2312290842458933,-0.20332643044378063,-1.253091795806731,-0.533918586206665,-0.3619638506254699
TCGA-E6-A1LZ-01A,0.20583974813544897,0.20456954321845477,0.10838522225066305,-0.6530968527627545,0.8260283572976101
TCGA-E6-A1M0-01A,-0.11678560167587647,0.3404309107801523,0.23031849687230754,0.5363853015703778,-0.3850640329115167
TCGA-E6-A2P8-01A,0.1331356555634129,0.7737692566987968,1.395118288890142,0.3228643657251221,0.44447670132566186
TCGA-E6-A2P9-01A,-0.5127162504388568,0.8440310319262052,0.191505096434629,0.4096753527084019,-0.23540206006774275
TCGA-E6-A8L9-01A,0.9425844849267776,1.7177741479055995,0.36637074139906173,0.7210088432960085,0.2879009481144712
TCGA-EC-A1NJ-01A,0.7043186189519214,0.6387393302562163,0.6689273594378926,-0.011737985312425196,0.682399754861102
TCGA-EC-A1QX-01A,0.3859063156223034,1.444143353925948,2.2639166935147323,-0.44956220590226553,1.8142176602565936
TCGA-EC-A24G-01A,-0.03023274043087266,0.7237474742251352,-0.30174404061714993,0.5916570310690202,-0.4610668000099827
TCGA-EO-A1Y5-01A,1.415959278806101,0.8403420606931218,0.4420604694395204,-0.06020478795573609,0.9596587242686506
TCGA-EO-A1Y7-01A,0.20225452763864468,0.40580297701179624,-0.5128352295022208,-0.9307425185163704,0.9624832768991104
TCGA-EO-A1Y8-01A,0.15884044101506206,-0.18606926039085794,-0.491714205741549,-0.40603927516498733,0.23305826679253902
TCGA-EO-A22R-01A,-0.4160020761911971,0.09552230621866077,0.10440627530666392,1.1961978289637747,-1.2682223271857322
TCGA-EO-A22S-01A,-1.0764694571106046,-0.5896059432929259,-0.6648037248180129,0.1354986010939122,-0.9124583095010933
TCGA-EO-A22T-01A,0.1850815397092858,1.090761592504136,1.2388341521167359,0.40750614939462426,0.4307196120487615
TCGA-EO-A22U-01A,-0.6661730505337511,0.2445253762240573,-0.2499979395072269,0.03016863096826123,-0.25405050224056813
TCGA-EO-A22X-01A,-0.8034532028364633,0.2862068561122314,-0.017499826812248355,0.41820542708189307,-0.5964541515940531
TCGA-EO-A22Y-01A,-0.7558536940428627,-0.5933734402359562,-1.1066512996652218,0.3429038264718323,-1.161529971119846
TCGA-EO-A2CG-01A,-0.5261851579489619,-0.4326295101635308,-0.878366406987632,0.07362171857225473,-0.6860154102722963
TCGA-EO-A2CH-01A,0.2740779657445131,-0.816315294198457,-0.8658077772230739,-0.5010907981447301,0.03174242958572421
TCGA-EO-A3AS-01A,-0.08408690629059214,-0.36921502594837274,0.012587654580076095,0.012955467197932514,-0.1598602264175621
TCGA-EO-A3AU-01A,1.1507922772303216,0.7153890018866339,2.1000241026497894,0.6715198637934837,0.6505485967954313
TCGA-EO-A3AV-01A,2.0079920690453075,2.0166400351964726,2.3867186307675086,-0.2665817532555276,2.4036986649252907
TCGA-EO-A3AY-01A,1.2043535148314495,1.3388017533059275,1.1770716025891141,-1.4078807784438607,2.647956402019358
TCGA-EO-A3AZ-01A,0.7180095774952951,1.7567089376249683,1.9049648317313694,-1.4598320145471442,2.9197264634976885
TCGA-EO-A3B0-01A,0.2505687482752039,0.4670943219716426,0.20242486870414397,0.37378059727433194,-0.06708461762400175
TCGA-EO-A3B1-01A,0.03624625642420264,0.7245537433164666,-0.3077150746925708,0.26628560532439216,-0.11525729697502601
TCGA-EO-A3KU-01A,0.98367975304389,-0.5093044875200499,-0.10706124202557162,0.8238791120813826,-0.7014411042486265
TCGA-EO-A3KW-01A,0.7423212429109977,0.12089771774952253,0.19739785269142116,0.04461235305380637,0.3089265847301741
TCGA-EO-A3KX-01A,-0.12689148178456874,0.13203046960247325,-0.034794342252174836,0.167613533208249,-0.1774986513530058
TCGA-EO-A3L0-01A,0.4548358044011939,-0.5562495650694463,-0.6873391114757438,0.02050264630718571,-0.28342027035518447
TCGA-EY-A1G7-01A,-0.8293540787685479,-0.863914306208892,-0.10038988681603836,0.18555345448077526,-0.7834395450786014
TCGA-EY-A1G8-01A,-0.19962564499870866,-1.0125171818622223,-0.6359145186476386,-0.23072269171144358,-0.3852964234580797
TCGA-EY-A1GC-01A,0.4751476364500337,0.33084941233389664,0.1871062881151287,-0.5937914949481196,0.9248259405811392
TCGA-EY-A1GD-01A,-0.24752079061597357,0.2278248296562531,-0.4032160092103426,0.645950335923168,-0.7869209926465224
TCGA-EY-A1GE-01A,-0.6269566806463724,0.15828124491416223,-0.0922170947527302,0.3073263842286744,-0.4942905610569879
TCGA-EY-A1GF-01A,-0.2908987814670671,0.14227651231381788,1.077718859559293,0.7784853985182453,-0.468786535049564
TCGA-EY-A1GH-01A,-0.028707736572516105,-0.6258898936138318,0.1191820598428321,0.3946452582251811,-0.573117115006353
TCGA-EY-A1GI-01A,-0.316320541038762,0.15993271829621608,0.9024538606085765,0.8199718843506696,-0.5712832050619927
TCGA-EY-A1GK-01A,-0.33456794229386444,1.1946186869100512,0.21529032640498016,-0.09612151101789086,0.4545685346916132
TCGA-EY-A1GL-01A,-1.2532235037373158,-0.7181919351262396,0.3954939254736704,0.08797651582855301,-0.6132836869585147
TCGA-EY-A1GM-01A,0.46307202231256284,-0.6478915384729169,0.1150209777456513,0.7946220607413896,-0.8178882402129573
TCGA-EY-A1GO-01A,-1.4468937169483729,-1.2485816016931994,-1.1842880749189135,0.5118874280898553,-1.8051418926100173
TCGA-EY-A1GP-01A,0.8421560350585154,0.9702057318403113,0.7401277618468022,0.9276514309886621,-0.07682158807345241
TCGA-EY-A1GQ-01A,-1.3976144328710278,-1.1679668353156907,-1.3882354095376808,-0.6705577126140054,-0.6473811799607943
TCGA-EY-A1GR-01A,0.5915118598979509,-0.7762922695104184,-0.8992901538911091,0.38804355284645164,-0.7494004073476439
TCGA-EY-A1GS-01A,0.08218599927824616,-1.0021629089954496,-0.5763737298719547,-0.4988167343355053,3.318780578587255e-05
TCGA-EY-A1GT-01A,-0.30749431480491013,-0.8313506717468344,-0.41357949706325003,0.7566960907711934,-1.2741709186428583
TCGA-EY-A1GU-01A,-0.23625310807772545,-0.6120330087336971,0.40271969428620025,0.7724422956508741,-0.9209644364926148
TCGA-EY-A1GV-01A,0.014331362425988203,0.10963602180162144,0.15789424136805588,1.8189467012843765e-06,0.09395205625185389
TCGA-EY-A1GW-01A,-0.9155663354747507,-1.3043927002488864,-0.9614356303255012,-1.4929549325057243,0.4324900438226782
TCGA-EY-A1GX-01A,-1.46000064709862,-1.7060189075751526,-1.1331911168905926,-0.40402498611974175,-1.0290452377350467
TCGA-EY-A1H0-01A,-0.22644097515515577,-0.7923190619059056,-0.2805718297314175,-0.0398149773493057,-0.3932956449148539
TCGA-EY-A210-01A,1.6697771542890174,0.9570731550470104,1.3247547764225125,0.04910802729923131,1.2680936679536157
TCGA-EY-A212-01A,0.5885988911446848,-0.8814359331037447,0.03601791363921414,-0.0468887013586633,-0.03871767474795196
TCGA-EY-A214-01A,0.4378231382538379,0.2778457488111687,-0.21543146565256202,-0.1976407779004105,0.364386585037892
TCGA-EY-A215-01A,-0.055868242439201146,1.0145142192884227,0.12401376051776387,-0.12978796256463399,0.4906745416869624
TCGA-EY-A2OM-01A,-0.295638544932095,-1.007835190033662,1.3436885392061755,0.8763904595978916,-0.8629855248510855
TCGA-EY-A2ON-01A,1.0250127592129084,-0.3656221070098343,0.5667113784655535,-0.11981938398581539,0.528520060875358
TCGA-EY-A2OO-01A,-0.07507693789510522,-1.0541004634096476,-0.5769648610891368,0.5215869146125826,-1.0903010020772124
TCGA-EY-A2OP-01A,1.1116797250382753,-0.41730616715891355,0.4425772157974295,0.3875523096429177,-0.008568718417320653
TCGA-EY-A2OQ-01A,-0.26633498534835204,0.47094847991967725,0.40313008602325845,1.1220799958107532,-0.9194988022792253
TCGA-EY-A3L3-01A,0.01126169316475407,-0.4561215669701385,-0.47782604269358053,0.4984013777325234,-0.805963349898845
TCGA-EY-A3QX-01A,1.3671868171549413,-0.4788167646470185,2.037259221522644,-0.2028505904452249,1.1780603484554137
TCGA-EY-A4KR-01A,1.242531680211397,1.5502613607248437,1.7210798963200695,0.5275261443663325,0.9770981680524374
TCGA-EY-A547-01A,-0.28830910517875963,-0.775665657043386,-0.9585385801537734,-1.156777957766813,0.48260684364150663
TCGA-EY-A548-01A,-0.1363299369054151,-0.0416831313218612,-0.49199678212830533,0.07268758188739784,-0.2960241986725917
TCGA-EY-A549-01A,-0.4156552325135202,-0.13597314441063657,0.20098994430034325,0.15021019451710885,-0.26708967205838
TCGA-EY-A54A-01A,0.22648699011035217,0.29578087030734124,0.15789424136805588,0.32781456540839826,-0.10109386481314853
TCGA-EY-A5W2-01A,-0.5247062965674772,0.48547853811581076,-0.753682373434505,-0.9018060006180801,0.6375026233226897
TCGA-EY-A72D-01A,-1.0963475054900906,-1.15325315123102,-1.0106342489334046,0.012593474078926033,-1.099338442630431
TCGA-FI-A2CX-01A,0.6888755879682689,2.076768612794388,4.8716850300758665,-0.7536588951947076,3.2994353054742156
TCGA-FI-A2CY-01A,1.1723682746557058,0.5750654386779437,1.8485842437198814,0.7755027800171211,0.4231698723340559
TCGA-FI-A2D0-01A,0.5723133960286388,0.8734482411245424,0.6018067344044291,0.6563128891256783,0.026209901393525192
TCGA-FI-A2D2-01A,-0.062491301289561284,-0.49463324935719555,-0.6948761428202371,0.14469900276087677,-0.5620325672498747
TCGA-FI-A2D4-01A,-1.8171509910811994,-0.6929097196385434,-1.5713171620779178,-0.0833446927393616,-1.277114598193192
TCGA-FI-A2D5-01A,-0.9408344275479621,-0.22645803446121163,-0.6277988843788089,0.730480663069401,-1.3288444451987287
TCGA-FI-A2D6-01A,0.11573334551666142,0.9915055983953059,1.5820114384636847,0.31921736111140997,0.5771994330138075
TCGA-FI-A2EU-01A,0.7015082002416598,-0.47665484121776736,-0.7496828360878918,-0.12073814843784571,-0.05420501058348738
TCGA-FI-A2EW-01A,-0.46956861231856667,-0.6127160029245349,-1.0055573361761498,-0.52484862147384,-0.1710986956659104
TCGA-FI-A2EX-01A,0.15343646626946572,-0.4001865760521872,-0.8666117883589358,0.3148949256626143,-0.6860155583765001
TCGA-FI-A2EY-01A,-1.4430332721008745,-1.876306822627678,-1.7099663651558283,-2.183712411728818,0.507276925100691
TCGA-FI-A2F4-01A,1.0571970743310173,0.9409371069872048,1.266526662024654,-0.02102734866003781,1.10924762977433
TCGA-FI-A2F8-01A,1.1020794756794057,-0.3386737194116105,-0.13250509938513333,-0.28981199658497825,0.5001122155458655
TCGA-FI-A2F9-01A,-1.506423233329125,-1.2283919583129626,-1.4201589546710076,0.4911109737613059,-1.876102355865671
TCGA-FI-A3PV-01A,-0.17072759535120555,-0.9998837158988223,-0.7895133373455631,-0.3931104128851583,-0.26026446998003866
TCGA-FI-A3PX-01A,1.2512220050192966,-0.7988314112154002,2.3627560010942967,-0.31983367891802156,1.2582158772174192
TCGA-H5-A2HR-01A,0.2732008340428501,-0.19190170841922932,-0.39935553760876047,-1.4372477392529732,1.3312289352579267
TCGA-JU-AAVI-01A,0.9754666667266728,1.7311879334568299,0.3384904206290077,-0.47589478430660936,1.4909431245774463
TCGA-K6-A3WQ-01A,0.8588543835776702,-0.22688538341166448,-0.14226286344289565,-0.2229300977002882,0.38616547660799155
TCGA-KJ-A3U4-01A,1.6404133312858087,0.3926367949081112,3.1798677039199084,0.3948215215015672,1.3428177552030423
TCGA-KP-A3VZ-01A,0.4747066942928123,-1.1087576746721024,-0.3343877071886429,0.5335281983921769,-0.8563410942481546
TCGA-KP-A3W0-01A,0.14538738876200857,-0.3416340205122336,-0.06520223688121542,0.20951269506500153,-0.29666231794214837
TCGA-KP-A3W1-01A,0.6514492434747736,1.4587293514178465,1.464823582357598,-0.7902199991069878,1.981887391523727
TCGA-KP-A3W3-01A,1.299678226973594,-0.12748668992408305,0.45031147969680896,-0.12718442292523996,0.6680187618406799
TCGA-KP-A3W4-01A,1.4677932967944278,0.29944224740712544,1.6110712851124662,0.9145197506639122,0.2115825257740942
TCGA-PG-A5BC-01A,-0.44202107183452877,-0.5960867799760456,-0.9986450099091907,0.5274923087747831,-1.2064099293480384
TCGA-PG-A6IB-01A,0.9199090825118698,2.3239560506751675,1.734329277100514,-0.25766807801665587,1.917066214779173
TCGA-PG-A7D5-01A,0.6262376614257971,0.2625096580425543,0.2175554292588192,0.3116223699927243,0.05714521291633251
TCGA-PG-A914-01A,0.9721603723968891,-0.16480067469529475,-0.0661792164996546,-0.13138438873682512,0.3784445491374717
TCGA-PG-A915-01A,0.8408681368797132,-0.10318889249388918,0.06155092895280057,0.12258638290647642,0.1438236748730651
TCGA-PG-A916-01A,-0.004759126289909616,-0.028267556506190034,-0.508078973152726,0.19118268064511376,-0.37155123262805567
TCGA-PG-A917-01A,1.372163327170544,0.9243857092134444,2.5109965326460264,0.5608868903407429,1.041628299335929
TCGA-QF-A5YS-01A,0.6314395768510951,0.5059025334713222,0.05564049359278856,0.07868770924523753,0.31897315872649773
TCGA-QF-A5YT-01A,-0.12099771851116838,0.09983692757916124,-1.1491358971918597,0.11388325234553884,-0.5039821483868278
TCGA-QS-A5YQ-01A,0.4743401294397183,0.7726905825311238,-0.006033305571411406,-0.2697594162354296,0.6834252183685732
TCGA-QS-A5YR-01A,0.32088351855609004,0.48157482845408167,-0.22808431886720443,-0.5738688889757088,0.7653268983566979
TCGA-QS-A744-01A,-0.6682779717943398,-1.270386651879478,-0.06347497250568877,0.8237184904428003,-1.4910983558359692
TCGA-QS-A8F1-01A,-1.060689751130801,-0.8798468071875054,-1.650561495224747,-1.4233595530581535,0.22632686854380246
TCGA-SJ-A6ZI-01A,0.8308368161004277,1.500234694831689,1.5567009049040945,0.6095960151696135,0.6863281234424569
TCGA-SJ-A6ZJ-01A,-0.6203524853428486,-0.3025929604968839,-0.9523970754408329,-0.13642122565842144,-0.488692948101767
TCGA-SL-A6J9-01A,1.916629507618879,1.3569398265501205,1.3120862626804513,-0.9669998351996507,2.4955517008161343
TCGA-SL-A6JA-01A,-1.2035596410050435,-1.1329048998240494,-1.363707584902783,-0.7939737585794626,-0.4394169499978293
