gene,log2FC,FDR,mean_tumor_tpm,mut_freq_pct,km_logrank_p,apc_spearman_r,apc_spearman_p,prognostic,apc_positive,antigen,cdc1_rho,cdc1_FDR
CTLA4,1.262244236423593,5.177292567616469e-07,2.960353734061931,2.366863905325444,0.0011384613659524,0.6125420808498457,7.550760729820368e-58,True,True,CTLA4,0.5478972915970306,1.4482144077344424e-41
BCL2A1,1.066776515900261,3.0996454075698746e-05,9.738945719489983,1.3806706114398422,0.0259386091527653,0.6796399316849241,1.225397018792372e-75,True,True,BCL2A1,0.5153978700490607,3.2675269828644005e-36
GBP5,1.5601688008379528,0.0012163076988777,7.645460655737707,4.930966469428008,0.001661141624425,0.6412019798536155,6.651636241773168e-65,True,True,GBP5,0.4980645602500638,1.3837699920672429e-33
CXCL9,2.192034427217195,0.0036758380273752,36.63056666666666,1.5779092702169626,0.0003932828143765,0.6096229254372129,3.600571337996182e-57,True,True,CXCL9,0.4978130473092781,1.3837699920672429e-33
PDCD1,1.2721917050016265,0.0004508509872721,5.607728779599272,2.9585798816568047,0.0006620108396584,0.5259376575922273,2.228840077052706e-40,True,True,PDCD1,0.4876174652729419,4.574998234377132e-32
FOXP3,1.3484931063696115,5.692708011945236e-15,3.9421551912568304,3.7475345167652856,0.0033604559933342,0.5963845803875029,3.5163525426224407e-54,True,True,FOXP3,0.4693920345996295,2.1021266591950085e-29
CXCL11,1.41234734345818,0.0004826765711676,13.367979599271402,1.183431952662722,0.0410475995022011,0.5845055756118437,1.2971100007042734e-51,True,True,CXCL11,0.4636546226933936,1.267318795298685e-28
BATF,1.3861566128213063,7.723480626678679e-08,16.742742805100185,1.5779092702169626,3.277108380344724e-05,0.5589526050898695,1.9506054491501103e-46,True,True,BATF,0.4383020823571291,2.432757736329044e-25
SIGLEC1,1.0074889580217548,3.2924722737794124e-05,4.445399271402549,7.6923076923076925,0.0330438299527897,0.6322414620471668,1.2842095872106588e-62,True,True,SIGLEC1,0.3954799203338833,3.1331279647702254e-20
IL32,1.516527043284862,1.7305100810399764e-06,88.30682732240437,1.5779092702169626,0.0003183615512031,0.4834710875658584,1.667380385034087e-33,True,True,IL32,0.3554432683904983,4.364431783137887e-16
ADAM8,1.1403552820575693,3.731029073398233e-09,14.523620765027324,3.5502958579881656,0.0245803422105851,0.5196554512457349,2.6725283300286678e-39,True,True,ADAM8,0.337251297224972,2.1227177481415215e-14
LAMP3,1.875058008554052,6.8553763539071116e-09,10.096761020036432,2.564102564102564,0.0039476957865217,0.4478776518982997,1.9289358363718634e-28,True,True,LAMP3,0.3259868333561871,1.8159379339551777e-13
GNA15,1.2480499865967063,5.071651466547894e-09,11.958930418943536,1.7751479289940828,0.0272980048125056,0.3615700864091435,2.127421460942084e-18,True,True,GNA15,0.3030565557453196,1.3710093620084688e-11
HLA-DMB,1.0582428182607604,0.0014340699989047,53.031171948998185,1.3806706114398422,0.000612919686283,0.2966300796646615,1.2961504350738317e-12,True,True,HLA-DMB,0.2902046914036863,1.3665236523490792e-10
OAS1,1.4334569669883177,0.0166605346888878,27.067445719489974,2.366863905325444,0.0037209318684456,0.3293057897389596,2.3699910316546352e-15,True,True,OAS1,0.273573596440654,2.2181388256978588e-09
OAS3,1.615468231751775,1.9420520303509527e-06,36.67945191256831,5.9171597633136095,0.0020568737709888,0.3301549477693342,1.9908314044664928e-15,True,True,OAS3,0.256815992704646,2.48199459335584e-08
ANKRD22,2.289529698606641,2.8991264964710406e-14,8.276717304189436,2.564102564102564,0.0166895481456154,0.2387361754206449,1.4865696920091805e-08,True,True,ANKRD22,0.2373973957124928,3.623600184172329e-07
FBP1,1.0325743253774546,0.0038217024681283,20.465035701275045,2.366863905325444,0.0175566610822945,0.3120012618708323,7.358340464675597e-14,True,True,FBP1,0.2241221839067956,2.135246794773908e-06
OASL,2.01073931948925,2.7259355054532868e-08,11.991894535519126,2.7613412228796843,0.0332353303037569,0.3524579285737597,1.6763958256814934e-17,True,True,OASL,0.2168909388246471,5.249136963524511e-06
CTHRC1,1.7763207493647737,7.548081387250194e-06,49.42781329690346,1.7751479289940828,0.0206431633738339,0.095118590475776,0.0258355240613337,True,True,CTHRC1,0.2106340900932262,1.046666305378517e-05
THEMIS2,1.5651982952051782,6.508074012076846e-10,23.268883424408013,4.142011834319527,0.0263875821621174,0.3177739640833482,2.397343810713779e-14,True,True,THEMIS2,0.2057460485991792,1.7424120517222444e-05
PARVG,1.4603167720695347,5.0772555561645e-08,10.68693679417122,2.564102564102564,0.0001036721618475,0.2528760864599084,1.8608061589328882e-09,True,True,PARVG,0.2032393094520652,2.219177708878894e-05
SHH,1.02140460776691,0.0003892762885208,5.576526958105646,2.7613412228796843,0.0023712295573296,0.1363243824362651,0.0013654245121711,True,True,SHH,0.199269011955954,3.43208052094815e-05
MICB,1.1188219782792022,7.794982859284072e-06,9.632132058287796,2.564102564102564,0.0272417443909652,0.2103022401942934,6.625982324248197e-07,True,True,MICB,0.1889903651444577,9.587010579966524e-05
TCN1,1.551749402666422,0.0235968285353296,10.986488524590165,2.9585798816568047,0.0144851212156064,0.1457024953419788,0.0006160939221123,True,True,TCN1,0.1889654979272413,9.587010579966524e-05
GPX2,3.947728628183162,0.023207316920275,68.13843132969035,1.5779092702169626,0.0134043762035465,0.0438939326263819,0.3046001760570799,True,True,GPX2,0.187460598255997,0.0001112004195635
PTPN6,1.207606938032634,1.4284004720369895e-14,43.0713912568306,4.142011834319527,0.0383007136315907,0.3201554856933581,1.4986545128112082e-14,True,True,PTPN6,0.1829783052494552,0.0001711723613826
SLC6A14,1.9740245600961688,0.0001183426003768,7.30850364298725,6.11439842209073,0.0037944034230255,0.0743615225907827,0.0817211568963122,True,True,SLC6A14,0.1797183868283177,0.0002255410281041
TNFSF11,1.1953176798747922,1.9015817803470296e-11,1.5875154826958109,2.7613412228796843,0.0203123839603134,0.1379375642351328,0.0011948152498078,True,True,TNFSF11,0.1752108649505235,0.0003461809713107
CXCL3,1.2660999886308777,0.0003300004116433,10.603340619307833,1.5779092702169626,0.0292020437682271,0.1529732733386243,0.000321534418959,True,True,CXCL3,0.155133320740007,0.0018901429007406
ADAMTS14,1.0119983487213602,1.7433339134412544e-07,4.416845901639344,6.11439842209073,0.0034188539137802,0.0853078772872591,0.0457258927133616,True,True,ADAMTS14,0.1531096161889051,0.0022228382221444
COMP,1.6072952638451974,0.0018309109048559,33.9092183970856,3.353057199211045,0.0058528387789187,0.0028962477522696,0.9460190973936782,True,True,COMP,0.1451942123706773,0.0040477834190569
TMC5,1.7473893071390425,4.2186230679710564e-07,20.849794717668487,7.6923076923076925,0.032931867309888,0.1161274002945707,0.0064502053889951,True,True,TMC5,0.1427390962890681,0.0048236589806907
ADGRF1,1.1035342181296155,4.91545691741453e-06,2.57405737704918,5.325443786982249,0.0080982015023734,0.1269929642307941,0.0028746338835847,True,True,ADGRF1,0.1413015750662375,0.0053160526863897
NCCRP1,2.9705485428988965,1.394862016904159e-08,13.07398961748634,1.9723865877712032,8.87466770056315e-05,0.0115891618255208,0.7864426208099776,True,True,NCCRP1,0.1407129488224822,0.0055507369222783
BAK1,1.1656310665829617,4.896716923081272e-13,37.80746630236794,2.564102564102564,0.0059760737275305,0.183169108821855,1.570241253487491e-05,True,True,BAK1,0.1392393964776399,0.0062020648141942
SCEL,2.283268747761712,3.631365551048194e-11,4.746002185792349,6.508875739644971,0.0101483350188232,0.0877968961592208,0.0397410177712239,True,True,SCEL,0.1320790204858817,0.0101473005175396
PCSK9,2.558813144018723,2.5173612848642582e-11,9.280489253187614,3.155818540433925,0.0407957221964144,0.0708362471038386,0.0973080535882149,True,True,PCSK9,0.1226520385370298,0.0179162127247776
IL19,1.6159773032496714,2.443640260165744e-10,2.63254116575592,1.183431952662722,0.0264245256871598,0.0278612793604714,0.5147565651052576,True,True,IL19,0.1216881783296283,0.0190349690155775
GCNT3,1.3330769700849576,0.0011008088026814,8.27260218579235,2.366863905325444,0.0013383409936717,0.1005501557893909,0.0184445603882745,True,True,GCNT3,0.1204060577420184,0.0206945152448838
CEACAM1,1.01094662809576,0.0041289115168628,21.70796174863388,2.9585798816568047,0.002117966849905,0.0707224210514865,0.097848324059371,True,True,CEACAM1,0.1187233348200202,0.0228165455697357
EEF1A2,3.446834914610581,0.0002794833272183,25.265051730418943,2.7613412228796843,0.0191073612988833,0.0127135102739735,0.7662984619552282,True,True,EEF1A2,0.1159212263777009,0.0272320066462419
ACY3,1.804917160736557,9.055436822722116e-06,23.414501275045534,2.1696252465483234,0.0009590637556176,0.190152185973653,7.24880843767715e-06,True,True,ACY3,0.1150413552782824,0.0284261092930478
GALNT14,1.8907132867970229,0.0001963708719906,15.198507650273225,3.5502958579881656,0.0190903667394825,0.0143322424072812,0.7375745633379726,True,True,GALNT14,0.1143491072390451,0.0294008270181399
INAVA,1.5677876060079732,1.6277373502919265e-08,11.577693989071038,3.7475345167652856,0.0001688142447806,0.1419877392203912,0.0008492783650799,True,True,INAVA,0.1132277080949686,0.0314871034191742
USP18,1.626706354845027,2.5515174460181394e-09,19.73587358834244,2.1696252465483234,0.0257865678171239,0.1875526595378217,9.69803406554858e-06,True,True,USP18,0.1126817293432107,0.0323983556786114
KCNS1,1.0003987503871408,1.149930657140572e-09,1.323756466302368,2.1696252465483234,0.0150439836086417,0.0941359450497154,0.0274156636559919,True,True,KCNS1,0.1126738536295894,0.0323983556786114
SELENOI,1.144633743251073,1.0603684247639865e-11,17.714636429872495,2.366863905325444,0.031770945674007,0.0489664634069508,0.2520463787335887,True,True,SELENOI,0.1076789573552739,0.0419220953537257
ROBO2,1.1652876471753435,0.0002169631286433,4.305858287795993,10.650887573964498,0.0200646552379462,0.1075238342656643,0.011704383550324,True,True,ROBO2,0.1067844432137174,0.043961625685596
RAB11FIP4,1.7256736986620038,1.3303050887130485e-12,21.235169398907104,2.9585798816568047,0.032018091575999,0.0110249074446753,0.7966068853653839,True,True,RAB11FIP4,-0.1119900210674412,0.033475327826974
