submitter_id,gender,race,ethnicity,vital_status,days_to_death,age_at_index,year_of_death,age_at_diagnosis,days_to_last_follow_up,days_to_death_dx,ajcc_pathologic_stage,tumor_stage,tumor_grade,ajcc_pathologic_t,ajcc_pathologic_n,ajcc_pathologic_m,site_of_resection_or_biopsy,primary_diagnosis,morphology,msi_status,mmr_status,pole_mutation
TCGA-AJ-A3NC,female,white,not reported,Alive,,63,,23353,1125.0,,,,G3,,,,Endometrium,"Endometrioid adenocarcinoma, NOS",8380/3,,,
TCGA-KP-A3W0,female,not reported,not reported,Alive,,72,,26378,404.0,,,,G3,,,,Endometrium,"Serous cystadenocarcinoma, NOS",8441/3,,,
TCGA-B5-A11N,female,white,not reported,Alive,,69,,25442,1876.0,,,,G1,,,,Endometrium,"Endometrioid adenocarcinoma, NOS",8380/3,,,
TCGA-BS-A0V7,female,native hawaiian or other pacific islander,not hispanic or latino,Alive,,48,,17810,1934.0,,,,G1,,,,Endometrium,"Endometrioid adenocarcinoma, NOS",8380/3,,,
TCGA-D1-A17Q,female,white,not hispanic or latino,Alive,,54,,20015,54.0,,,,G2,,,,Endometrium,"Endometrioid adenocarcinoma, NOS",8380/3,,,
TCGA-BG-A0VT,female,white,not hispanic or latino,Alive,,56,,20602,1568.0,,,,G2,,,,Endometrium,"Endometrioid adenocarcinoma, NOS",8380/3,,,
TCGA-AP-A0LG,female,white,not reported,Alive,,54,,20047,2015.0,,,,G3,,,,Endometrium,"Endometrioid adenocarcinoma, NOS",8380/3,,,
TCGA-AP-A0LL,female,white,not reported,Alive,,56,,21490,,,,,,,,,Not Reported,Not Reported,Not Reported,,,
TCGA-AX-A060,female,american indian or alaska native,not hispanic or latino,Alive,,77,,28472,1075.0,,,,G3,,,,Endometrium,"Endometrioid adenocarcinoma, NOS",8380/3,,,
TCGA-E6-A2P8,female,black or african american,not hispanic or latino,Dead,72,53,,19448,,,,,G3,,,,Endometrium,"Serous cystadenocarcinoma, NOS",8441/3,,,
TCGA-EO-A3AV,female,not reported,not reported,Alive,,51,,18713,1069.0,,,,G3,,,,Endometrium,"Endometrioid adenocarcinoma, NOS",8380/3,,,
TCGA-AJ-A23M,female,white,not reported,Dead,616,61,,22946,,,,,,,,,Not Reported,"Serous cystadenocarcinoma, NOS",8441/3,,,
TCGA-B5-A5OE,female,black or african american,not reported,Alive,,68,,24905,1063.0,,,,G3,,,,Endometrium,"Serous cystadenocarcinoma, NOS",8441/3,,,
TCGA-D1-A1NW,female,white,not hispanic or latino,Alive,,72,,26556,22.0,,,,G3,,,,Endometrium,"Serous cystadenocarcinoma, NOS",8441/3,,,
TCGA-D1-A0ZU,female,white,not hispanic or latino,Alive,,34,,12458,872.0,,,,G2,,,,Endometrium,"Endometrioid adenocarcinoma, secretory variant",8382/3,,,
TCGA-AP-A054,female,white,not hispanic or latino,Dead,709,64,,23404,,,,,G3,,,,Endometrium,"Endometrioid adenocarcinoma, NOS",8380/3,,,
TCGA-BG-A0YV,female,white,not hispanic or latino,Alive,,67,,,,,,,,,,,Not Reported,"Malignant lymphoma, small B lymphocytic, NOS",9670/3,,,
TCGA-AX-A0IW,female,white,not hispanic or latino,Alive,,67,,24488,1149.0,,,,G3,,,,Endometrium,"Serous cystadenocarcinoma, NOS",8441/3,,,
TCGA-AJ-A2QK,female,white,hispanic or latino,Alive,,65,,23945,643.0,,,,G3,,,,Endometrium,"Endometrioid adenocarcinoma, NOS",8380/3,,,
TCGA-A5-A7WK,female,black or african american,not hispanic or latino,Alive,,71,,26394,,,,,,,,,Not Reported,"Serous cystadenocarcinoma, NOS",8441/3,,,
TCGA-B5-A11H,female,white,not reported,Alive,,67,,24556,2687.0,,,,G2,,,,Endometrium,"Endometrioid adenocarcinoma, NOS",8380/3,,,
TCGA-QF-A5YS,female,black or african american,not hispanic or latino,Alive,,57,,20841,689.0,,,,G2,,,,Endometrium,"Endometrioid adenocarcinoma, NOS",8380/3,,,
TCGA-BS-A0TI,female,white,not hispanic or latino,Alive,,64,,23705,1882.0,,,,G3,,,,Endometrium,"Endometrioid adenocarcinoma, NOS",8380/3,,,
TCGA-AJ-A2QN,female,white,not reported,Alive,,60,,21915,1069.0,,,,G3,,,,Endometrium,"Endometrioid adenocarcinoma, NOS",8380/3,,,
TCGA-BS-A0WQ,female,asian,not hispanic or latino,Alive,,55,,20131,2022.0,,,,G2,,,,Endometrium,"Endometrioid adenocarcinoma, NOS",8380/3,,,
TCGA-EY-A1GT,female,white,not hispanic or latino,Alive,,68,,25151,490.0,,,,G1,,,,Endometrium,"Endometrioid adenocarcinoma, NOS",8380/3,,,
TCGA-AP-A0LI,female,black or african american,not reported,Alive,,67,,24573,2972.0,,,,G3,,,,Endometrium,"Serous cystadenocarcinoma, NOS",8441/3,,,
TCGA-BS-A0UT,female,asian,not hispanic or latino,Alive,,62,,22775,2212.0,,,,G2,,,,Endometrium,"Endometrioid adenocarcinoma, NOS",8380/3,,,
TCGA-AX-A3G6,female,white,not hispanic or latino,Alive,,67,,24681,8.0,,,,G2,,,,Endometrium,"Serous cystadenocarcinoma, NOS",8441/3,,,
TCGA-EY-A1GV,female,white,not hispanic or latino,Alive,,75,,27581,481.0,,,,G3,,,,Endometrium,"Serous cystadenocarcinoma, NOS",8441/3,,,
TCGA-D1-A17B,female,white,not hispanic or latino,Alive,,69,,25504,213.0,,,,G2,,,,Endometrium,"Endometrioid adenocarcinoma, NOS",8380/3,,,
TCGA-AX-A05U,female,american indian or alaska native,not hispanic or latino,Alive,,56,,20533,903.0,,,,G1,,,,Endometrium,"Endometrioid adenocarcinoma, NOS",8380/3,,,
TCGA-AJ-A3I9,female,white,not hispanic or latino,Dead,519,52,,19509,,,,,,,,,Not Reported,"Endometrioid adenocarcinoma, NOS",8380/3,,,
TCGA-AX-A06H,female,american indian or alaska native,not hispanic or latino,Alive,,60,,22270,833.0,,,,G1,,,,Endometrium,"Endometrioid adenocarcinoma, NOS",8380/3,,,
TCGA-D1-A177,female,white,not hispanic or latino,Alive,,70,,25602,548.0,,,,G2,,,,Endometrium,"Endometrioid adenocarcinoma, NOS",8380/3,,,
TCGA-PG-A6IB,female,black or african american,not hispanic or latino,Alive,,68,,24969,648.0,,,,G3,,,,Endometrium,"Serous cystadenocarcinoma, NOS",8441/3,,,
TCGA-PG-A915,female,black or african american,not hispanic or latino,Alive,,60,,22119,249.0,,,,G3,,,,Endometrium,Serous surface papillary carcinoma,8461/3,,,
TCGA-B5-A3FC,female,black or african american,not hispanic or latino,Alive,,53,,19422,2185.0,,,,G3,,,,Endometrium,"Endometrioid adenocarcinoma, NOS",8380/3,,,
TCGA-BG-A0VZ,female,white,not hispanic or latino,Alive,,58,,21414,1601.0,,,,G1,,,,Endometrium,"Endometrioid adenocarcinoma, NOS",8380/3,,,
TCGA-DI-A2QT,female,american indian or alaska native,hispanic or latino,Dead,377,51,,18835,,,,,G3,,,,Endometrium,"Serous cystadenocarcinoma, NOS",8441/3,,,
TCGA-B5-A3FD,female,black or african american,not reported,Dead,1197,70,,26375,,,,,,,,,Not Reported,"Endometrioid adenocarcinoma, NOS",8380/3,,,
TCGA-D1-A1O5,female,white,not hispanic or latino,Alive,,61,,22580,458.0,,,,G1,,,,Endometrium,"Endometrioid adenocarcinoma, NOS",8380/3,,,
TCGA-D1-A175,female,white,not hispanic or latino,Alive,,48,,17802,202.0,,,,G3,,,,Endometrium,"Endometrioid adenocarcinoma, NOS",8380/3,,,
TCGA-EC-A1QX,female,white,not hispanic or latino,Alive,,71,,26478,,,,,,,,,Not Reported,Not Reported,Not Reported,,,
TCGA-AX-A06L,female,white,not reported,Alive,,63,,23294,1845.0,,,,G1,,,,Endometrium,"Endometrioid adenocarcinoma, NOS",8380/3,,,
TCGA-B5-A1MU,female,white,not reported,Dead,1548,79,,29027,,,,,G3,,,,Endometrium,"Serous cystadenocarcinoma, NOS",8441/3,,,
TCGA-D1-A15V,female,white,not hispanic or latino,Alive,,68,,24886,1201.0,,,,G3,,,,Endometrium,"Serous cystadenocarcinoma, NOS",8441/3,,,
TCGA-B5-A11X,female,black or african american,not reported,Alive,,66,,24614,,,,,,,,,Not Reported,"Carcinoma, undifferentiated, NOS",8020/3,,,
TCGA-EY-A2OP,female,white,not hispanic or latino,Alive,,63,,23090,944.0,,,,G3,,,,Endometrium,"Endometrioid adenocarcinoma, NOS",8380/3,,,
TCGA-BS-A0TJ,female,asian,not hispanic or latino,Alive,,59,,21663,2068.0,,,,G3,,,,Endometrium,"Endometrioid adenocarcinoma, NOS",8380/3,,,
TCGA-FL-A1YM,,,,,,,,,,,,,,,,,,,,,,
TCGA-BG-A0MA,female,white,not hispanic or latino,Dead,326,60,,22036,326.0,,,,G3,,,,Endometrium,"Endometrioid adenocarcinoma, NOS",8380/3,,,
TCGA-EY-A1GW,female,white,hispanic or latino,Dead,337,73,,27169,,,,,,,,,Not Reported,"Endometrioid adenocarcinoma, NOS",8380/3,,,
TCGA-BS-A0U8,female,white,not hispanic or latino,Alive,,55,,20402,2963.0,,,,G1,,,,Endometrium,"Endometrioid adenocarcinoma, NOS",8380/3,,,
TCGA-AX-A1CI,female,white,not hispanic or latino,Alive,,61,,22582,2600.0,,,,G1,,,,Endometrium,"Endometrioid adenocarcinoma, NOS",8380/3,,,
TCGA-B5-A11M,female,white,not reported,Alive,,43,,16063,1362.0,,,,G1,,,,Endometrium,"Endometrioid adenocarcinoma, NOS",8380/3,,,
TCGA-EO-A3KX,female,white,hispanic or latino,Alive,,80,,29260,1170.0,,,,G3,,,,Endometrium,"Endometrioid adenocarcinoma, NOS",8380/3,,,
TCGA-BG-A18A,female,white,not hispanic or latino,Alive,,74,,27086,426.0,,,,G1,,,,Endometrium,"Endometrioid adenocarcinoma, NOS",8380/3,,,
TCGA-PG-A914,female,black or african american,not hispanic or latino,Alive,,73,,26992,687.0,,,,G3,,,,Endometrium,Serous surface papillary carcinoma,8461/3,,,
TCGA-BS-A0UJ,female,asian,not hispanic or latino,Alive,,68,,25149,2506.0,,,,G1,,,,Endometrium,"Endometrioid adenocarcinoma, NOS",8380/3,,,
TCGA-AX-A06D,female,white,not reported,Dead,373,82,,,,,,,,,,,Not Reported,Not Reported,Not Reported,,,
TCGA-KP-A3VZ,female,white,not hispanic or latino,Alive,,69,,25366,722.0,,,,High Grade,,,,Endometrium,"Serous cystadenocarcinoma, NOS",8441/3,,,
TCGA-EY-A212,female,white,not hispanic or latino,Dead,310,83,,,,,,,,,,,Not Reported,Not Reported,Not Reported,,,
TCGA-EY-A214,female,white,not reported,Alive,,66,,,,,,,,,,,Not Reported,"Intraductal carcinoma, noninfiltrating, NOS",8500/2,,,
TCGA-BG-A220,female,white,not hispanic or latino,Alive,,69,,,,,Stage IV,,,,,,Not Reported,Clear cell carcinoma,8310/3,,,
TCGA-AX-A1CP,female,white,not hispanic or latino,Alive,,84,,30737,1107.0,,,,G3,,,,Endometrium,"Serous cystadenocarcinoma, NOS",8441/3,,,
TCGA-EY-A1GQ,female,white,not hispanic or latino,Alive,,76,,27905,544.0,,,,G3,,,,Endometrium,"Endometrioid adenocarcinoma, NOS",8380/3,,,
TCGA-BG-A221,female,white,not hispanic or latino,Alive,,84,,30960,55.0,,,,G3,,,,Endometrium,"Endometrioid adenocarcinoma, NOS",8380/3,,,
TCGA-EY-A1GK,female,white,not hispanic or latino,Alive,,74,,27127,693.0,,,,G3,,,,Endometrium,"Endometrioid adenocarcinoma, NOS",8380/3,,,
TCGA-FI-A2CX,female,white,not hispanic or latino,Alive,,82,,30224,2031.0,,,,G3,,,,Endometrium,"Endometrioid adenocarcinoma, NOS",8380/3,,,
TCGA-AP-A053,female,white,not hispanic or latino,Dead,0,89,,32872,0.0,,,,G3,,,,Endometrium,"Endometrioid adenocarcinoma, NOS",8380/3,,,
TCGA-AX-A3G3,female,white,not reported,Alive,,58,,,,,,,,,,,Not Reported,Not Reported,Not Reported,,,
TCGA-BG-A0MS,female,white,not hispanic or latino,Alive,,53,,19547,1882.0,,,,G3,,,,Endometrium,"Endometrioid adenocarcinoma, NOS",8380/3,,,
TCGA-EY-A1G7,female,white,not hispanic or latino,Dead,189,86,,,,,,,,,,,Not Reported,"Adenocarcinoma, NOS",8140/3,,,
TCGA-EY-A1G8,female,white,not hispanic or latino,Dead,456,83,,30517,,,,,G3,,,,Endometrium,"Endometrioid adenocarcinoma, NOS",8380/3,,,
TCGA-BG-A0M8,female,white,not hispanic or latino,Alive,,50,,,,,Stage IC,,,T1c,N0,M0,Not Reported,"Infiltrating duct carcinoma, NOS",8500/3,,,
TCGA-FI-A2F4,female,black or african american,not hispanic or latino,Alive,,64,,,,,,,,,,,Not Reported,"Pheochromocytoma, NOS",8700/0,,,
TCGA-EO-A3KU,female,not reported,not reported,Alive,,68,,25116,677.0,,,,G3,,,,Endometrium,"Serous cystadenocarcinoma, NOS",8441/3,,,
TCGA-A5-A0GM,female,white,not hispanic or latino,Alive,,53,,,,,Stage II,,,T2,N0,M0,Not Reported,Clear cell carcinoma,8310/3,,,
TCGA-B5-A0KB,female,black or african american,not reported,Alive,,62,,22669,824.0,,,,G3,,,,Endometrium,"Endometrioid adenocarcinoma, NOS",8380/3,,,
TCGA-D1-A3JP,female,white,not hispanic or latino,Alive,,61,,,,,,,,,,,Not Reported,Not Reported,Not Reported,,,
TCGA-AP-A05D,female,white,not reported,Alive,,67,,,,,,,,T2,N0,M0,Not Reported,"Adenocarcinoma, NOS",8140/3,,,
TCGA-EY-A215,female,white,not hispanic or latino,Alive,,60,,22076,574.0,,,,G3,,,,Endometrium,"Endometrioid adenocarcinoma, NOS",8380/3,,,
TCGA-D1-A2G5,female,white,not hispanic or latino,Alive,,50,,19444,,,,,,,,,Not Reported,"Endometrioid adenocarcinoma, NOS",8380/3,,,
TCGA-2E-A9G8,female,black or african american,not hispanic or latino,Alive,,59,,,1249.0,,,,G2,,,,Endometrium,"Endometrioid adenocarcinoma, NOS",8380/3,,,
TCGA-AX-A1CR,female,white,not hispanic or latino,Alive,,70,,,,,,,,,,,Not Reported,Not Reported,Not Reported,,,
TCGA-KJ-A3U4,female,white,hispanic or latino,Alive,,55,,17057,,,,,,,,,Not Reported,"Adenocarcinoma, NOS",8140/3,,,
TCGA-D1-A0ZO,female,white,not hispanic or latino,Alive,,75,,27482,602.0,,,,G1,,,,Endometrium,"Endometrioid adenocarcinoma, NOS",8380/3,,,
TCGA-A5-A0GI,female,white,not hispanic or latino,Alive,,63,,23195,2682.0,,,,G2,,,,Endometrium,"Endometrioid adenocarcinoma, NOS",8380/3,,,
TCGA-AX-A2HF,female,white,not hispanic or latino,Alive,,67,,24689,848.0,,,,G3,,,,Endometrium,"Serous cystadenocarcinoma, NOS",8441/3,,,
TCGA-AX-A2H8,female,white,not hispanic or latino,Alive,,64,,,,,,,,,,,Not Reported,"Basal cell carcinoma, NOS",8090/3,,,
TCGA-FI-A2D5,female,white,not hispanic or latino,Dead,421,56,,,,,,,,,,,Not Reported,"Adenocarcinoma, NOS",8140/3,,,
TCGA-D1-A102,female,white,not hispanic or latino,Alive,,49,,17991,135.0,,,,G2,,,,Endometrium,"Endometrioid adenocarcinoma, NOS",8380/3,,,
TCGA-AX-A1C5,female,white,not hispanic or latino,Alive,,47,,17383,1001.0,,,,G3,,,,Endometrium,"Endometrioid adenocarcinoma, NOS",8380/3,,,
TCGA-A5-A0GX,female,white,not reported,Alive,,53,,19625,2088.0,,,,G2,,,,Endometrium,"Endometrioid adenocarcinoma, NOS",8380/3,,,
TCGA-AP-A051,female,white,not reported,Alive,,69,,25269,3948.0,,,,G3,,,,Endometrium,"Endometrioid adenocarcinoma, NOS",8380/3,,,
TCGA-AJ-A3OL,female,white,not hispanic or latino,Dead,449,55,,20115,449.0,,,,G3,,,,Endometrium,"Endometrioid adenocarcinoma, NOS",8380/3,,,
TCGA-AX-A2HD,female,white,not hispanic or latino,Alive,,69,,25499,1414.0,,,,G3,,,,Endometrium,"Endometrioid adenocarcinoma, NOS",8380/3,,,
TCGA-B5-A3F9,female,black or african american,not reported,Alive,,56,,20523,4155.0,,,,G3,,,,Endometrium,"Endometrioid adenocarcinoma, NOS",8380/3,,,
TCGA-FL-A1YU,,,,,,,,,,,,,,,,,,,,,,
TCGA-AX-A2H2,female,black or african american,not hispanic or latino,Dead,145,86,,31524,,,,,G3,,,,Endometrium,"Serous cystadenocarcinoma, NOS",8441/3,,,
TCGA-AX-A1C7,female,white,not hispanic or latino,Alive,,77,,28198,1054.0,,,,G3,,,,Endometrium,"Serous cystadenocarcinoma, NOS",8441/3,,,
TCGA-EY-A1GL,female,white,not reported,Alive,,51,,18761,1014.0,,,,G2,,,,Endometrium,"Endometrioid adenocarcinoma, NOS",8380/3,,,
TCGA-BG-A0YU,female,white,not hispanic or latino,Alive,,37,,13644,451.0,,,,G1,,,,Endometrium,"Endometrioid adenocarcinoma, NOS",8380/3,,,
TCGA-AP-A3K1,female,white,not hispanic or latino,Dead,666,56,,20792,,,,,,,,,Not Reported,"Serous cystadenocarcinoma, NOS",8441/3,,,
TCGA-B5-A11W,female,white,not reported,Alive,,61,,22365,593.0,,,,G2,,,,Endometrium,"Endometrioid adenocarcinoma, NOS",8380/3,,,
TCGA-A5-A2K5,female,white,not hispanic or latino,Alive,,76,,28057,752.0,,,,G3,,,,Endometrium,"Endometrioid adenocarcinoma, NOS",8380/3,,,
TCGA-BG-A0MH,female,white,not reported,Alive,,61,,22475,1930.0,,,,G2,,,,Endometrium,"Endometrioid adenocarcinoma, NOS",8380/3,,,
TCGA-BG-A2AD,female,white,not hispanic or latino,Alive,,63,,23064,609.0,,,,G3,,,,Endometrium,"Endometrioid adenocarcinoma, NOS",8380/3,,,
TCGA-AP-A1E1,female,white,not reported,Alive,,74,,27072,1395.0,,,,G2,,,,Endometrium,"Endometrioid adenocarcinoma, NOS",8380/3,,,
TCGA-EY-A1GR,female,black or african american,not hispanic or latino,Alive,,67,,24784,536.0,,,,G3,,,,Endometrium,"Endometrioid adenocarcinoma, NOS",8380/3,,,
TCGA-A5-A0G2,female,asian,not hispanic or latino,Alive,,57,,20953,4549.0,,,,G3,,,,Endometrium,"Serous cystadenocarcinoma, NOS",8441/3,,,
TCGA-BK-A139,female,white,not hispanic or latino,Dead,943,74,,27761,,,,,,,,,Not Reported,"Endometrioid adenocarcinoma, NOS",8380/3,,,
TCGA-E6-A2P9,female,white,not hispanic or latino,Alive,,65,,24088,1386.0,,,,G3,,,,Endometrium,"Endometrioid adenocarcinoma, NOS",8380/3,,,
TCGA-EO-A3AY,female,not reported,not reported,Alive,,58,,21291,1163.0,,,,G3,,,,Endometrium,"Endometrioid adenocarcinoma, NOS",8380/3,,,
TCGA-B5-A11Z,female,white,not reported,Alive,,61,,22505,528.0,,,,G1,,,,Endometrium,"Endometrioid adenocarcinoma, NOS",8380/3,,,
TCGA-BG-A3EW,female,white,not hispanic or latino,Alive,,62,,22705,344.0,,,,G3,,,,Endometrium,"Endometrioid adenocarcinoma, NOS",8380/3,,,
TCGA-AX-A3G9,female,white,not hispanic or latino,Alive,,63,,23361,558.0,,,,G3,,,,Endometrium,"Endometrioid adenocarcinoma, NOS",8380/3,,,
TCGA-B5-A0K6,female,white,not reported,Alive,,58,,21515,1953.0,,,,G1,,,,Endometrium,"Endometrioid adenocarcinoma, NOS",8380/3,,,
TCGA-BG-A0W2,female,white,not reported,Alive,,57,,20998,1721.0,,,,G1,,,,Endometrium,"Endometrioid adenocarcinoma, NOS",8380/3,,,
TCGA-BG-A186,female,black or african american,not hispanic or latino,Alive,,61,,22370,419.0,,,,G2,,,,Endometrium,"Endometrioid adenocarcinoma, NOS",8380/3,,,
TCGA-EC-A24G,female,white,not hispanic or latino,Alive,,57,,20857,511.0,,,,G3,,,,Endometrium,"Endometrioid adenocarcinoma, NOS",8380/3,,,
TCGA-EY-A1GC,female,white,not hispanic or latino,Alive,,62,,22656,1647.0,,,,G3,,,,Endometrium,"Endometrioid adenocarcinoma, NOS",8380/3,,,
TCGA-B5-A0JU,female,black or african american,not reported,Alive,,57,,21159,1802.0,,,,G2,,,,Endometrium,"Endometrioid adenocarcinoma, NOS",8380/3,,,
TCGA-AX-A063,female,white,not hispanic or latino,Alive,,63,,23045,2417.0,,,,G2,,,,Endometrium,"Endometrioid adenocarcinoma, NOS",8380/3,,,
TCGA-BG-A0RY,female,white,not hispanic or latino,Alive,,68,,24952,469.0,,,,G2,,,,Endometrium,"Endometrioid adenocarcinoma, NOS",8380/3,,,
TCGA-BS-A0UF,female,asian,not hispanic or latino,Alive,,65,,23771,2611.0,,,,G3,,,,Endometrium,"Endometrioid adenocarcinoma, NOS",8380/3,,,
TCGA-EY-A2ON,female,black or african american,not hispanic or latino,Dead,610,61,,22850,,,,,,,,,Not Reported,Not Reported,Not Reported,,,
TCGA-B5-A1MW,female,white,not reported,Alive,,55,,20494,,,,,,,,,Not Reported,"Endometrioid adenocarcinoma, NOS",8380/3,,,
TCGA-D1-A16O,female,white,not hispanic or latino,Alive,,44,,16114,1023.0,,,,G1,,,,Endometrium,"Endometrioid adenocarcinoma, NOS",8380/3,,,
TCGA-KP-A3W4,female,white,not hispanic or latino,Dead,554,63,,23521,,,,,,,,,Not Reported,"Serous cystadenocarcinoma, NOS",8441/3,,,
TCGA-AJ-A3NG,female,white,not hispanic or latino,Alive,,83,,30351,475.0,,,,G3,,,,Endometrium,"Serous cystadenocarcinoma, NOS",8441/3,,,
TCGA-B5-A0JY,female,white,not reported,Alive,,50,,18475,2107.0,,,,G3,,,,Endometrium,"Carcinoma, undifferentiated, NOS",8020/3,,,
TCGA-AX-A06F,female,white,not hispanic or latino,Alive,,59,,21624,1748.0,,,,G3,,,,Endometrium,"Endometrioid adenocarcinoma, NOS",8380/3,,,
TCGA-BS-A0V6,female,asian,not hispanic or latino,Alive,,55,,20369,2725.0,,,,G1,,,,Endometrium,"Endometrioid adenocarcinoma, NOS",8380/3,,,
TCGA-DI-A1BY,female,white,not hispanic or latino,Alive,,63,,23113,1114.0,,,,G2,,,,Endometrium,"Endometrioid adenocarcinoma, NOS",8380/3,,,
TCGA-AX-A2HA,female,white,not reported,Alive,,35,,13142,2475.0,,,,G3,,,,Endometrium,"Endometrioid adenocarcinoma, NOS",8380/3,,,
TCGA-B5-A11F,female,white,not reported,Alive,,55,,21781,,,,,,,,,Not Reported,"Endometrioid adenocarcinoma, NOS",8380/3,,,
TCGA-B5-A121,female,white,not reported,Alive,,57,,21018,504.0,,,,G1,,,,Endometrium,"Endometrioid adenocarcinoma, NOS",8380/3,,,
TCGA-D1-A1NZ,female,white,not hispanic or latino,Alive,,60,,22027,548.0,,,,G1,,,,Endometrium,"Endometrioid adenocarcinoma, NOS",8380/3,,,
TCGA-EY-A1GS,female,black or african american,not hispanic or latino,Dead,670,71,,26012,670.0,,,,G3,,,,Endometrium,"Serous cystadenocarcinoma, NOS",8441/3,,,
TCGA-AP-A05P,female,asian,not hispanic or latino,Alive,,54,,20017,636.0,,,,G1,,,,Endometrium,"Endometrioid adenocarcinoma, NOS",8380/3,,,
TCGA-AP-A0L9,female,white,not reported,Alive,,71,,26185,3815.0,,,,G3,,,,Endometrium,"Serous cystadenocarcinoma, NOS",8441/3,,,
TCGA-A5-A0G3,female,black or african american,not reported,Alive,,61,,22421,1428.0,,,,G3,,,,Endometrium,"Serous cystadenocarcinoma, NOS",8441/3,,,
TCGA-FI-A2EX,female,white,not hispanic or latino,Alive,,58,,21489,284.0,,,,G3,,,,Endometrium,"Serous cystadenocarcinoma, NOS",8441/3,,,
TCGA-AP-A1DP,female,white,not reported,Dead,1081,70,,26432,,,,,,,,,Not Reported,"Serous cystadenocarcinoma, NOS",8441/3,,,
TCGA-D1-A3JQ,female,white,not hispanic or latino,Alive,,61,,22297,526.0,,,,G3,,,,Endometrium,"Serous cystadenocarcinoma, NOS",8441/3,,,
TCGA-AP-A1DR,female,black or african american,not reported,Alive,,59,,21904,1495.0,,,,G2,,,,Endometrium,"Endometrioid adenocarcinoma, NOS",8380/3,,,
TCGA-A5-A7WJ,female,black or african american,not hispanic or latino,Alive,,64,,23723,341.0,,,,G2,,,,Endometrium,"Endometrioid adenocarcinoma, NOS",8380/3,,,
TCGA-FL-A1YG,,,,,,,,,,,,,,,,,,,,,,
TCGA-PG-A5BC,female,black or african american,not hispanic or latino,Alive,,72,,26436,707.0,,,,G3,,,,Endometrium,"Serous cystadenocarcinoma, NOS",8441/3,,,
TCGA-A5-A2K3,female,white,not hispanic or latino,Alive,,68,,24907,2012.0,,,,G3,,,,Endometrium,"Serous cystadenocarcinoma, NOS",8441/3,,,
TCGA-A5-A0GU,female,white,not reported,Alive,,58,,21192,860.0,,,,G1,,,,Endometrium,"Endometrioid adenocarcinoma, NOS",8380/3,,,
TCGA-B5-A0JS,female,white,not reported,Alive,,54,,19995,2627.0,,,,G1,,,,Endometrium,"Endometrioid adenocarcinoma, NOS",8380/3,,,
TCGA-DF-A2L0,female,not reported,not reported,Dead,788,60,,,788.0,,,,G3,,,,Endometrium,"Endometrioid adenocarcinoma, NOS",8380/3,,,
TCGA-D1-A17C,female,white,not hispanic or latino,Alive,,78,,28571,30.0,,,,G1,,,,Endometrium,"Endometrioid adenocarcinoma, NOS",8380/3,,,
TCGA-A5-A0GG,female,black or african american,not hispanic or latino,Alive,,76,,27809,3762.0,,,,G1,,,,Endometrium,"Endometrioid adenocarcinoma, NOS",8380/3,,,
TCGA-H5-A2HR,female,black or african american,not hispanic or latino,Alive,,71,,25986,53.0,,,,G3,,,,Endometrium,"Endometrioid adenocarcinoma, NOS",8380/3,,,
TCGA-AX-A06B,female,white,not hispanic or latino,Alive,,72,,26348,2058.0,,,,G3,,,,Endometrium,"Endometrioid adenocarcinoma, NOS",8380/3,,,
TCGA-EY-A1GP,female,black or african american,not hispanic or latino,Alive,,54,,20011,573.0,,,,G1,,,,Endometrium,"Endometrioid adenocarcinoma, NOS",8380/3,,,
TCGA-AP-A1E4,female,white,not reported,Alive,,54,,19972,,,,,,,,,Not Reported,"Endometrioid adenocarcinoma, NOS",8380/3,,,
TCGA-D1-A174,female,white,not hispanic or latino,Alive,,51,,18702,594.0,,,,G3,,,,Endometrium,"Endometrioid adenocarcinoma, NOS",8380/3,,,
TCGA-DF-A2KV,female,not reported,not reported,Alive,,55,,20160,2717.0,,,,G3,,,,Endometrium,"Endometrioid adenocarcinoma, NOS",8380/3,,,
TCGA-AP-A1DM,female,white,not reported,Alive,,60,,22239,1700.0,,,,G1,,,,Endometrium,"Endometrioid adenocarcinoma, NOS",8380/3,,,
TCGA-AX-A3G1,female,white,not hispanic or latino,Dead,624,84,,31037,,,,,G3,,,,Endometrium,"Endometrioid adenocarcinoma, NOS",8380/3,,,
TCGA-DF-A2KS,female,not reported,not reported,Alive,,69,,,3318.0,,,,G3,,,,Endometrium,"Endometrioid adenocarcinoma, NOS",8380/3,,,
TCGA-A5-A1OJ,female,asian,not hispanic or latino,Alive,,31,,11635,1006.0,,,,G2,,,,Endometrium,"Endometrioid adenocarcinoma, NOS",8380/3,,,
TCGA-AX-A062,female,white,not reported,Alive,,53,,19643,1399.0,,,,G1,,,,Endometrium,"Endometrioid adenocarcinoma, NOS",8380/3,,,
TCGA-D1-A1O7,female,white,not hispanic or latino,Alive,,60,,22037,32.0,,,,G1,,,,Endometrium,"Endometrioid adenocarcinoma, NOS",8380/3,,,
TCGA-D1-A0ZS,female,white,not hispanic or latino,Alive,,54,,19821,148.0,,,,G3,,,,Endometrium,"Endometrioid adenocarcinoma, NOS",8380/3,,,
TCGA-AX-A3FX,female,white,not hispanic or latino,Dead,1333,69,,26198,,,,,,,,,Not Reported,"Endometrioid adenocarcinoma, NOS",8380/3,,,
TCGA-D1-A15W,female,white,not hispanic or latino,Alive,,58,,21545,915.0,,,,G1,,,,Endometrium,"Endometrioid adenocarcinoma, NOS",8380/3,,,
TCGA-FI-A2EU,female,not reported,not hispanic or latino,Alive,,68,,24837,2941.0,,,,G3,,,,Endometrium,"Serous cystadenocarcinoma, NOS",8441/3,,,
TCGA-D1-A0ZP,female,white,not hispanic or latino,Alive,,59,,22210,,,,,,,,,Not Reported,"Serous cystadenocarcinoma, NOS",8441/3,,,
TCGA-DI-A1NO,female,black or african american,not hispanic or latino,Dead,285,68,,24996,,,,,G3,,,,Endometrium,"Endometrioid adenocarcinoma, NOS",8380/3,,,
TCGA-BK-A0C9,female,white,not hispanic or latino,Alive,,57,,20876,1092.0,,,,G1,,,,Endometrium,"Endometrioid adenocarcinoma, NOS",8380/3,,,
TCGA-AP-A1DK,female,white,not reported,Alive,,53,,19509,2767.0,,,,G3,,,,Endometrium,"Endometrioid adenocarcinoma, NOS",8380/3,,,
TCGA-A5-A1OK,female,white,not hispanic or latino,Alive,,63,,,,,,,,T1a,N0,M0,Not Reported,"Squamous cell carcinoma, NOS",8070/3,,,
TCGA-D1-A17A,female,white,not hispanic or latino,Alive,,59,,21560,48.0,,,,G3,,,,Endometrium,"Endometrioid adenocarcinoma, NOS",8380/3,,,
TCGA-PG-A916,female,black or african american,not hispanic or latino,Alive,,70,,25617,522.0,,,,G2,,,,Endometrium,"Endometrioid adenocarcinoma, NOS",8380/3,,,
TCGA-AJ-A5DW,female,black or african american,not hispanic or latino,Alive,,56,,20711,390.0,,,,G2,,,,Endometrium,"Endometrioid adenocarcinoma, NOS",8380/3,,,
TCGA-AP-A05J,female,white,not reported,Alive,,66,,24119,1122.0,,,,G3,,,,Endometrium,"Serous cystadenocarcinoma, NOS",8441/3,,,
TCGA-B5-A11R,female,black or african american,not reported,Alive,,51,,18878,2349.0,,,,G3,,,,Endometrium,"Endometrioid adenocarcinoma, NOS",8380/3,,,
TCGA-AX-A05Y,female,white,not hispanic or latino,Alive,,57,,21098,,,,,,,,,Not Reported,Not Reported,Not Reported,,,
TCGA-E6-A1LX,female,white,not hispanic or latino,Alive,,40,,14731,711.0,,,,G3,,,,Endometrium,"Endometrioid adenocarcinoma, NOS",8380/3,,,
TCGA-D1-A168,female,white,not hispanic or latino,Alive,,67,,24586,1098.0,,,,G3,,,,Endometrium,"Endometrioid adenocarcinoma, NOS",8380/3,,,
TCGA-D1-A1O0,female,white,not hispanic or latino,Alive,,77,,28162,63.0,,,,G3,,,,Endometrium,"Endometrioid adenocarcinoma, NOS",8380/3,,,
TCGA-AJ-A3NF,female,white,not hispanic or latino,Alive,,60,,22210,645.0,,,,G3,,,,Endometrium,"Serous cystadenocarcinoma, NOS",8441/3,,,
TCGA-FI-A2CY,female,black or african american,not hispanic or latino,Alive,,60,,22098,2080.0,,,,G3,,,,Endometrium,"Serous cystadenocarcinoma, NOS",8441/3,,,
TCGA-BG-A0VW,female,white,not hispanic or latino,Alive,,77,,28383,1582.0,,,,G1,,,,Endometrium,"Endometrioid adenocarcinoma, NOS",8380/3,,,
TCGA-B5-A0K4,female,not reported,not reported,Alive,,51,,18631,1757.0,,,,G2,,,,Endometrium,"Endometrioid adenocarcinoma, NOS",8380/3,,,
TCGA-B5-A11S,female,white,not reported,Alive,,63,,23085,2229.0,,,,G2,,,,Endometrium,"Endometrioid adenocarcinoma, NOS",8380/3,,,
TCGA-BG-A0MT,female,white,not hispanic or latino,Alive,,64,,24139,,,,,,,,,Not Reported,"Endometrioid adenocarcinoma, NOS",8380/3,,,
TCGA-AX-A1CN,female,white,not hispanic or latino,Alive,,54,,19860,1143.0,,,,G3,,,,Endometrium,"Endometrioid adenocarcinoma, NOS",8380/3,,,
TCGA-AP-A1DH,female,white,not reported,Alive,,62,,22652,2180.0,,,,G3,,,,Endometrium,"Endometrioid adenocarcinoma, NOS",8380/3,,,
TCGA-D1-A17U,female,white,not hispanic or latino,Alive,,53,,19544,697.0,,,,G2,,,,Endometrium,"Endometrioid adenocarcinoma, NOS",8380/3,,,
TCGA-AJ-A3OJ,female,white,not hispanic or latino,Alive,,54,,19826,467.0,,,,G3,,,,Endometrium,"Endometrioid adenocarcinoma, NOS",8380/3,,,
TCGA-B5-A0K0,female,white,not reported,Alive,,48,,17810,1478.0,,,,G1,,,,Endometrium,"Endometrioid adenocarcinoma, NOS",8380/3,,,
TCGA-EY-A210,female,black or african american,not hispanic or latino,Alive,,82,,30095,383.0,,,,G3,,,,Endometrium,"Serous cystadenocarcinoma, NOS",8441/3,,,
TCGA-EO-A22R,female,not reported,not reported,Alive,,56,,20604,1878.0,,,,G3,,,,Endometrium,"Endometrioid adenocarcinoma, NOS",8380/3,,,
TCGA-D1-A0ZQ,female,white,not hispanic or latino,Alive,,89,,32872,0.0,,,,G2,,,,Endometrium,"Endometrioid adenocarcinoma, NOS",8380/3,,,
TCGA-B5-A3FB,female,black or african american,not reported,Alive,,73,,26779,2844.0,,,,G3,,,,Endometrium,"Endometrioid adenocarcinoma, NOS",8380/3,,,
TCGA-AP-A0LD,female,white,not reported,Alive,,63,,23216,3589.0,,,,G3,,,,Endometrium,"Endometrioid adenocarcinoma, NOS",8380/3,,,
TCGA-EY-A549,female,black or african american,not hispanic or latino,Alive,,78,,,,,,,,,,,Not Reported,"Adenocarcinoma, NOS",8140/3,,,
TCGA-D1-A176,female,white,not hispanic or latino,Alive,,67,,24521,917.0,,,,G2,,,,Endometrium,"Endometrioid adenocarcinoma, NOS",8380/3,,,
TCGA-AJ-A23O,female,white,not hispanic or latino,Dead,312,69,,25433,,,,,G3,,,,Endometrium,"Endometrioid adenocarcinoma, NOS",8380/3,,,
TCGA-A5-A0G1,female,white,not hispanic or latino,Dead,3251,67,,24477,,,,,G3,,,,Endometrium,"Serous cystadenocarcinoma, NOS",8441/3,,,
TCGA-B5-A0JT,female,white,not reported,Alive,,63,,23041,1682.0,,,,G1,,,,Endometrium,"Endometrioid adenocarcinoma, NOS",8380/3,,,
TCGA-FI-A3PV,female,black or african american,not hispanic or latino,Dead,1249,68,,24898,1249.0,,,,High Grade,,,,Endometrium,"Serous cystadenocarcinoma, NOS",8441/3,,,
TCGA-A5-A0R6,female,white,hispanic or latino,Alive,,64,,23449,1153.0,,,,G3,,,,Endometrium,"Serous cystadenocarcinoma, NOS",8441/3,,,
TCGA-D1-A16B,female,white,not hispanic or latino,Alive,,64,,23450,1106.0,,,,G2,,,,Endometrium,"Endometrioid adenocarcinoma, NOS",8380/3,,,
TCGA-D1-A103,female,white,not hispanic or latino,Alive,,87,,31841,669.0,,,,G1,,,,Endometrium,"Endometrioid adenocarcinoma, NOS",8380/3,,,
TCGA-BS-A0VI,female,white,not hispanic or latino,Alive,,58,,21198,2646.0,,,,G3,,,,Endometrium,"Endometrioid adenocarcinoma, NOS",8380/3,,,
TCGA-EY-A4KR,female,black or african american,not hispanic or latino,Dead,346,56,,20669,346.0,,,,G3,,,,Endometrium,"Serous cystadenocarcinoma, NOS",8441/3,,,
TCGA-AP-A05H,female,white,not reported,Alive,,75,,27744,1385.0,,,,G3,,,,Endometrium,"Serous cystadenocarcinoma, NOS",8441/3,,,
TCGA-B5-A0K2,female,white,not reported,Alive,,54,,20080,2209.0,,,,G1,,,,Endometrium,"Endometrioid adenocarcinoma, NOS",8380/3,,,
TCGA-BK-A56F,female,black or african american,not hispanic or latino,Alive,,75,,27523,401.0,,,,G1,,,,Endometrium,"Endometrioid adenocarcinoma, NOS",8380/3,,,
TCGA-BG-A0M3,female,white,not hispanic or latino,Alive,,74,,27183,1071.0,,,,G2,,,,Endometrium,"Endometrioid adenocarcinoma, NOS",8380/3,,,
TCGA-B5-A11V,female,black or african american,not reported,Alive,,64,,23630,595.0,,,,G1,,,,Endometrium,"Endometrioid adenocarcinoma, NOS",8380/3,,,
TCGA-FI-A2EW,female,black or african american,not reported,Alive,,71,,27436,,,,,,,,,Not Reported,"Serous cystadenocarcinoma, NOS",8441/3,,,
TCGA-BS-A0TD,female,asian,not hispanic or latino,Alive,,65,,23950,2379.0,,,,G1,,,,Endometrium,"Endometrioid adenocarcinoma, NOS",8380/3,,,
TCGA-AX-A2HH,female,white,not hispanic or latino,Alive,,60,,21924,540.0,,,,G3,,,,Endometrium,"Endometrioid adenocarcinoma, NOS",8380/3,,,
TCGA-B5-A5OD,female,black or african american,not reported,Alive,,67,,24775,1038.0,,,,G3,,,,Endometrium,"Serous cystadenocarcinoma, NOS",8441/3,,,
TCGA-BG-A0MC,female,white,not hispanic or latino,Alive,,74,,27136,1263.0,,,,G1,,,,Endometrium,"Endometrioid adenocarcinoma, NOS",8380/3,,,
TCGA-D1-A3DG,female,white,not hispanic or latino,Dead,130,81,,29771,130.0,,,,G3,,,,Endometrium,"Endometrioid adenocarcinoma, NOS",8380/3,,,
TCGA-B5-A0K3,female,black or african american,not reported,Dead,830,62,,22920,,,,,,,,,Not Reported,"Endometrioid adenocarcinoma, NOS",8380/3,,,
TCGA-EY-A1GO,female,white,not hispanic or latino,Alive,,65,,23853,586.0,,,,G2,,,,Endometrium,"Endometrioid adenocarcinoma, NOS",8380/3,,,
TCGA-EO-A3L0,female,white,not hispanic or latino,Alive,,76,,28003,1554.0,,,,G3,,,,Endometrium,"Endometrioid adenocarcinoma, NOS",8380/3,,,
TCGA-D1-A16D,female,white,not hispanic or latino,Alive,,49,,17933,1141.0,,,,G2,,,,Endometrium,"Endometrioid adenocarcinoma, NOS",8380/3,,,
TCGA-AJ-A3EJ,female,white,not hispanic or latino,Dead,50,74,,27317,50.0,,,,G3,,,,Endometrium,"Serous cystadenocarcinoma, NOS",8441/3,,,
TCGA-EO-A22T,female,asian,not hispanic or latino,Alive,,56,,20608,2035.0,,,,G3,,,,Endometrium,"Endometrioid adenocarcinoma, NOS",8380/3,,,
TCGA-B5-A0K1,female,white,not reported,Alive,,69,,25291,1110.0,,,,G1,,,,Endometrium,"Endometrioid adenocarcinoma, NOS",8380/3,,,
TCGA-D1-A165,female,white,not hispanic or latino,Alive,,64,,23526,20.0,,,,G1,,,,Endometrium,"Endometrioid adenocarcinoma, NOS",8380/3,,,
TCGA-A5-A0GP,female,asian,not hispanic or latino,Alive,,58,,21365,1416.0,,,,G1,,,,Endometrium,"Endometrioid adenocarcinoma, NOS",8380/3,,,
TCGA-AP-A0LN,female,black or african american,not reported,Alive,,56,,20704,2510.0,,,,G1,,,,Endometrium,"Endometrioid adenocarcinoma, NOS",8380/3,,,
TCGA-D1-A17M,female,white,not hispanic or latino,Alive,,56,,20685,311.0,,,,G1,,,,Endometrium,"Endometrioid adenocarcinoma, NOS",8380/3,,,
TCGA-B5-A11I,female,black or african american,not reported,Alive,,65,,23857,2303.0,,,,G3,,,,Endometrium,"Adenocarcinoma, NOS",8140/3,,,
TCGA-BK-A13C,female,black or african american,not hispanic or latino,Alive,,47,,17317,760.0,,,,G2,,,,Endometrium,"Endometrioid adenocarcinoma, NOS",8380/3,,,
TCGA-BG-A0MQ,female,white,not hispanic or latino,Alive,,71,,26284,1817.0,,,,G1,,,,Endometrium,"Endometrioid adenocarcinoma, NOS",8380/3,,,
TCGA-KP-A3W3,female,white,not hispanic or latino,Alive,,72,,26310,794.0,,,,G3,,,,Endometrium,"Serous cystadenocarcinoma, NOS",8441/3,,,
TCGA-AX-A05S,female,white,not hispanic or latino,Dead,413,81,,29928,,,,,G3,,,,Endometrium,"Endometrioid adenocarcinoma, NOS",8380/3,,,
TCGA-B5-A0JZ,female,white,not reported,Alive,,60,,22462,,,,,,,,,Not Reported,"Endometrioid adenocarcinoma, NOS",8380/3,,,
TCGA-AJ-A3BD,female,white,not hispanic or latino,Alive,,57,,20998,1039.0,,,,G3,,,,Endometrium,Papillary serous cystadenocarcinoma,8460/3,,,
TCGA-EY-A1GM,female,black or african american,not reported,Dead,995,60,,22801,,,,,,,,,Not Reported,"Serous cystadenocarcinoma, NOS",8441/3,,,
TCGA-AX-A2IN,female,white,not reported,Dead,947,63,,23275,947.0,,,,G3,,,,Endometrium,"Endometrioid adenocarcinoma, NOS",8380/3,,,
TCGA-A5-A0VP,female,white,not hispanic or latino,Alive,,74,,27335,1288.0,,,,G3,,,,Endometrium,"Endometrioid adenocarcinoma, NOS",8380/3,,,
TCGA-EO-A2CG,female,asian,not hispanic or latino,Alive,,69,,25279,1564.0,,,,G3,,,,Endometrium,"Serous cystadenocarcinoma, NOS",8441/3,,,
TCGA-D1-A16N,female,white,not hispanic or latino,Alive,,51,,18787,945.0,,,,G3,,,,Endometrium,"Endometrioid adenocarcinoma, NOS",8380/3,,,
TCGA-D1-A2G7,female,white,not hispanic or latino,Dead,1793,65,,23913,1793.0,,,,G3,,,,Endometrium,"Serous cystadenocarcinoma, NOS",8441/3,,,
TCGA-AX-A05Z,female,not reported,hispanic or latino,Alive,,37,,13529,2175.0,,,,G2,,,,Endometrium,"Endometrioid adenocarcinoma, NOS",8380/3,,,
TCGA-D1-A0ZV,female,white,not hispanic or latino,Alive,,58,,21374,728.0,,,,G2,,,,Endometrium,"Endometrioid adenocarcinoma, NOS",8380/3,,,
TCGA-EO-A1Y7,female,not reported,not reported,Alive,,65,,24085,1495.0,,,,G3,,,,Endometrium,"Endometrioid adenocarcinoma, NOS",8380/3,,,
TCGA-AX-A1CE,female,white,not hispanic or latino,Alive,,60,,21969,1037.0,,,,G3,,,,Endometrium,"Endometrioid adenocarcinoma, NOS",8380/3,,,
TCGA-B5-A11P,female,white,not reported,Alive,,87,,32047,825.0,,,,G3,,,,Endometrium,"Endometrioid adenocarcinoma, NOS",8380/3,,,
TCGA-FL-A1YV,,,,,,,,,,,,,,,,,,,,,,
TCGA-EY-A3QX,female,white,not hispanic or latino,Dead,989,64,,24559,,,,,,,,,Not Reported,"Serous cystadenocarcinoma, NOS",8441/3,,,
TCGA-AX-A0J0,female,white,not hispanic or latino,Alive,,47,,17466,1220.0,,,,G2,,,,Endometrium,"Endometrioid adenocarcinoma, NOS",8380/3,,,
TCGA-FI-A3PX,female,white,not hispanic or latino,Alive,,57,,21063,2384.0,,,,High Grade,,,,Endometrium,"Serous cystadenocarcinoma, NOS",8441/3,,,
TCGA-DI-A1NN,female,white,not hispanic or latino,Alive,,63,,23026,1076.0,,,,G3,,,,Endometrium,"Serous cystadenocarcinoma, NOS",8441/3,,,
TCGA-AJ-A3TW,female,white,not hispanic or latino,Alive,,78,,28559,513.0,,,,G3,,,,Endometrium,"Serous cystadenocarcinoma, NOS",8441/3,,,
TCGA-BG-A2AE,female,white,not hispanic or latino,Alive,,57,,21069,721.0,,,,G3,,,,Endometrium,"Serous cystadenocarcinoma, NOS",8441/3,,,
TCGA-KP-A3W1,female,not reported,not reported,Alive,,76,,27902,288.0,,,,G3,,,,Endometrium,"Serous cystadenocarcinoma, NOS",8441/3,,,
TCGA-D1-A1O8,female,white,not hispanic or latino,Dead,120,70,,25789,,,,,G3,,,,Endometrium,"Endometrioid adenocarcinoma, NOS",8380/3,,,
TCGA-D1-A16R,female,white,not hispanic or latino,Alive,,39,,14465,21.0,,,,G1,,,,Endometrium,"Endometrioid adenocarcinoma, NOS",8380/3,,,
TCGA-D1-A162,female,white,not hispanic or latino,Alive,,69,,25543,1145.0,,,,G1,,,,Endometrium,"Endometrioid adenocarcinoma, NOS",8380/3,,,
TCGA-AX-A1CJ,female,black or african american,not hispanic or latino,Alive,,59,,21655,2233.0,,,,G2,,,,Endometrium,"Endometrioid adenocarcinoma, NOS",8380/3,,,
TCGA-DI-A2QU,female,white,not hispanic or latino,Dead,946,67,,24488,,,,,G3,,,,Endometrium,"Serous cystadenocarcinoma, NOS",8441/3,,,
TCGA-DI-A2QY,female,white,not hispanic or latino,Dead,3349,64,,23398,3349.0,,,,G3,,,,Endometrium,"Serous cystadenocarcinoma, NOS",8441/3,,,
TCGA-D1-A2G6,female,white,not hispanic or latino,Dead,258,53,,19547,,,,,G3,,,,Endometrium,"Endometrioid adenocarcinoma, NOS",8380/3,,,
TCGA-A5-A0GR,female,black or african american,not hispanic or latino,Alive,,69,,25353,1120.0,,,,G2,,,,Endometrium,"Endometrioid adenocarcinoma, NOS",8380/3,,,
TCGA-BK-A13B,female,black or african american,not hispanic or latino,Alive,,58,,22260,,,,,,,,,Not Reported,"Endometrioid adenocarcinoma, NOS",8380/3,,,
TCGA-A5-A2K7,female,not reported,hispanic or latino,Alive,,41,,14980,1063.0,,,,G3,,,,Endometrium,"Endometrioid adenocarcinoma, NOS",8380/3,,,
TCGA-A5-A0VO,female,white,not hispanic or latino,Dead,875,64,,23547,875.0,,,,G2,,,,Endometrium,"Endometrioid adenocarcinoma, NOS",8380/3,,,
TCGA-AJ-A4ZG,female,black or african american,not hispanic or latino,Alive,,53,,19492,498.0,,,,G3,,,,Endometrium,"Serous cystadenocarcinoma, NOS",8441/3,,,
TCGA-B5-A11G,female,black or african american,not reported,Alive,,71,,25995,3448.0,,,,G1,,,,Endometrium,"Endometrioid adenocarcinoma, NOS",8380/3,,,
TCGA-4E-A92E,female,black or african american,not hispanic or latino,Alive,,54,,19818,13.0,,,,G1,,,,Endometrium,"Endometrioid adenocarcinoma, NOS",8380/3,,,
TCGA-5B-A90C,female,black or african american,not hispanic or latino,Alive,,69,,26035,,,,,,,,,Not Reported,"Endometrioid adenocarcinoma, NOS",8380/3,,,
TCGA-EY-A548,female,black or african american,not hispanic or latino,Alive,,83,,30544,430.0,,,,G1,,,,Endometrium,"Endometrioid adenocarcinoma, NOS",8380/3,,,
TCGA-D1-A17S,female,white,not hispanic or latino,Alive,,59,,21794,739.0,,,,G1,,,,Endometrium,"Endometrioid adenocarcinoma, NOS",8380/3,,,
TCGA-BK-A4ZD,female,black or african american,not hispanic or latino,Alive,,42,,15536,506.0,,,,G3,,,,Endometrium,"Endometrioid adenocarcinoma, NOS",8380/3,,,
TCGA-AX-A0J1,female,white,not hispanic or latino,Alive,,80,,29501,2354.0,,,,G2,,,,Endometrium,"Endometrioid adenocarcinoma, NOS",8380/3,,,
TCGA-BG-A0MK,female,black or african american,not hispanic or latino,Dead,1317,52,,19034,1317.0,,,,G3,,,,Endometrium,"Endometrioid adenocarcinoma, NOS",8380/3,,,
TCGA-AP-A052,female,black or african american,not reported,Dead,669,59,,21721,,,,,G3,,,,Endometrium,"Serous cystadenocarcinoma, NOS",8441/3,,,
TCGA-AJ-A3BG,female,white,not hispanic or latino,Alive,,65,,23861,550.0,,,,G3,,,,Endometrium,"Endometrioid adenocarcinoma, NOS",8380/3,,,
TCGA-D1-A16F,female,white,not hispanic or latino,Alive,,60,,22242,80.0,,,,G2,,,,Endometrium,"Endometrioid adenocarcinoma, NOS",8380/3,,,
TCGA-EY-A1GH,female,white,not hispanic or latino,Alive,,70,,25802,710.0,,,,G2,,,,Endometrium,"Endometrioid adenocarcinoma, NOS",8380/3,,,
TCGA-AX-A1CK,female,white,not hispanic or latino,Alive,,58,,21200,2441.0,,,,G2,,,,Endometrium,"Endometrioid adenocarcinoma, NOS",8380/3,,,
TCGA-FL-A1YF,,,,,,,,,,,,,,,,,,,,,,
TCGA-DI-A0WH,female,white,not hispanic or latino,Alive,,64,,23692,496.0,,,,G3,,,,Endometrium,"Endometrioid adenocarcinoma, NOS",8380/3,,,
TCGA-EO-A22Y,female,white,not hispanic or latino,Alive,,68,,25127,1567.0,,,,G3,,,,Endometrium,"Endometrioid adenocarcinoma, NOS",8380/3,,,
TCGA-B5-A1MX,female,white,not reported,Alive,,47,,17320,1473.0,,,,G3,,,,Endometrium,"Endometrioid adenocarcinoma, NOS",8380/3,,,
TCGA-AX-A1CC,female,white,not hispanic or latino,Alive,,65,,23795,788.0,,,,G3,,,,Endometrium,"Serous cystadenocarcinoma, NOS",8441/3,,,
TCGA-AX-A3FV,female,white,not hispanic or latino,Alive,,62,,22752,-6.0,,,,G3,,,,Endometrium,"Endometrioid adenocarcinoma, NOS",8380/3,,,
TCGA-D1-A3DA,female,white,not hispanic or latino,Alive,,77,,28142,483.0,,,,G3,,,,Endometrium,"Endometrioid adenocarcinoma, NOS",8380/3,,,
TCGA-D1-A17L,female,white,not hispanic or latino,Alive,,81,,29899,802.0,,,,G1,,,,Endometrium,"Endometrioid adenocarcinoma, NOS",8380/3,,,
TCGA-BS-A0TA,female,native hawaiian or other pacific islander,hispanic or latino,Dead,740,58,,22086,,,,,,,,,Not Reported,"Endometrioid adenocarcinoma, NOS",8380/3,,,
TCGA-AX-A05T,female,white,not reported,Alive,,82,,30137,1010.0,,,,G1,,,,Endometrium,"Endometrioid adenocarcinoma, NOS",8380/3,,,
TCGA-AX-A0IU,female,black or african american,not hispanic or latino,Alive,,79,,29063,1087.0,,,,G3,,,,Endometrium,"Serous cystadenocarcinoma, NOS",8441/3,,,
TCGA-E6-A1M0,female,white,not hispanic or latino,Alive,,56,,20629,1793.0,,,,G3,,,,Endometrium,"Endometrioid adenocarcinoma, NOS",8380/3,,,
TCGA-AX-A3G8,female,white,not reported,Alive,,76,,27899,36.0,,,,G3,,,,Endometrium,"Endometrioid adenocarcinoma, NOS",8380/3,,,
TCGA-BS-A0V4,female,white,not hispanic or latino,Alive,,56,,20777,1810.0,,,,G1,,,,Endometrium,"Endometrioid adenocarcinoma, NOS",8380/3,,,
TCGA-DF-A2KN,female,not reported,not reported,Alive,,,,,67.0,,,,G3,,,,Endometrium,"Endometrioid adenocarcinoma, NOS",8380/3,,,
TCGA-QF-A5YT,female,black or african american,not hispanic or latino,Alive,,57,,20981,1215.0,,,,G1,,,,Endometrium,"Endometrioid adenocarcinoma, NOS",8380/3,,,
TCGA-B5-A0K8,female,white,not reported,Alive,,71,,25992,847.0,,,,G3,,,,Endometrium,"Serous cystadenocarcinoma, NOS",8441/3,,,
TCGA-EO-A1Y8,female,not reported,not reported,Alive,,87,,31971,901.0,,,,G3,,,,Endometrium,"Serous cystadenocarcinoma, NOS",8441/3,,,
TCGA-B5-A3FH,female,black or african american,not reported,Alive,,74,,27221,841.0,,,,G3,,,,Endometrium,"Endometrioid adenocarcinoma, NOS",8380/3,,,
TCGA-SJ-A6ZJ,female,black or african american,not hispanic or latino,Alive,,61,,22597,556.0,,,,G2,,,,Endometrium,"Endometrioid adenocarcinoma, NOS",8380/3,,,
TCGA-A5-A0R8,female,white,not hispanic or latino,Alive,,81,,29819,,,,,,,,,Not Reported,Not Reported,Not Reported,,,
TCGA-A5-A0G9,female,white,not reported,Alive,,79,,29122,2540.0,,,,G3,,,,Endometrium,"Endometrioid adenocarcinoma, NOS",8380/3,,,
TCGA-A5-A1OH,female,white,not reported,Alive,,86,,31451,1105.0,,,,G3,,,,Endometrium,"Serous cystadenocarcinoma, NOS",8441/3,,,
TCGA-A5-AB3J,female,black or african american,not hispanic or latino,Alive,,52,,19020,512.0,,,,G2,,,,Endometrium,"Endometrioid adenocarcinoma, NOS",8380/3,,,
TCGA-FI-A2EY,female,white,not hispanic or latino,Dead,880,63,,23619,,,,,,,,,Not Reported,Not Reported,Not Reported,,,
TCGA-A5-A0GW,female,asian,not hispanic or latino,Alive,,46,,17092,706.0,,,,G3,,,,Endometrium,"Endometrioid adenocarcinoma, NOS",8380/3,,,
TCGA-BS-A0UA,female,white,not hispanic or latino,Alive,,68,,24872,3495.0,,,,G1,,,,Endometrium,"Endometrioid adenocarcinoma, NOS",8380/3,,,
TCGA-BK-A0CA,female,white,not hispanic or latino,Alive,,61,,22378,1064.0,,,,G3,,,,Endometrium,"Serous cystadenocarcinoma, NOS",8441/3,,,
TCGA-D1-A163,female,white,not hispanic or latino,Alive,,50,,18827,,,,,,,,,Not Reported,"Endometrioid adenocarcinoma, NOS",8380/3,,,
TCGA-EY-A1H0,female,black or african american,not hispanic or latino,Alive,,57,,20937,588.0,,,,G2,,,,Endometrium,"Endometrioid adenocarcinoma, NOS",8380/3,,,
TCGA-AP-A0LF,female,white,not hispanic or latino,Alive,,82,,,,,,,,,,,Not Reported,"Intraductal carcinoma, noninfiltrating, NOS",8500/2,,,
TCGA-FL-A1YN,,,,,,,,,,,,,,,,,,,,,,
TCGA-E6-A8L9,female,black or african american,not hispanic or latino,Alive,,61,,22374,,,,,,T1a,N0,MX,Not Reported,"Endometrioid adenocarcinoma, NOS",8380/3,,,
TCGA-AJ-A3EK,female,white,hispanic or latino,Alive,,53,,19609,446.0,,,,G3,,,,Endometrium,"Serous cystadenocarcinoma, NOS",8441/3,,,
TCGA-AJ-A3NE,female,white,not hispanic or latino,Alive,,46,,16957,628.0,,,,G3,,,,Endometrium,"Endometrioid adenocarcinoma, NOS",8380/3,,,
TCGA-BG-A0M2,female,white,not hispanic or latino,Alive,,62,,22822,637.0,,,,G2,,,,Endometrium,"Endometrioid adenocarcinoma, NOS",8380/3,,,
TCGA-EY-A1GF,female,black or african american,not hispanic or latino,Alive,,75,,27450,826.0,,,,G2,,,,Endometrium,"Endometrioid adenocarcinoma, NOS",8380/3,,,
TCGA-E6-A1LZ,female,black or african american,not hispanic or latino,Alive,,76,,28054,2406.0,,,,G3,,,,Endometrium,"Serous cystadenocarcinoma, NOS",8441/3,,,
TCGA-BS-A0UL,female,native hawaiian or other pacific islander,not hispanic or latino,Alive,,54,,19982,2481.0,,,,G1,,,,Endometrium,"Endometrioid adenocarcinoma, NOS",8380/3,,,
TCGA-BG-A0M4,female,white,not hispanic or latino,Alive,,60,,22090,2167.0,,,,G3,,,,Endometrium,"Endometrioid adenocarcinoma, NOS",8380/3,,,
TCGA-AP-A0LQ,female,white,not reported,Alive,,59,,21629,2457.0,,,,G2,,,,Endometrium,"Endometrioid adenocarcinoma, NOS",8380/3,,,
TCGA-BS-A0U5,female,white,not hispanic or latino,Alive,,76,,27945,2935.0,,,,G1,,,,Endometrium,"Endometrioid adenocarcinoma, NOS",8380/3,,,
TCGA-A5-A0R7,female,white,not hispanic or latino,Alive,,55,,20250,535.0,,,,G2,,,,Endometrium,"Endometrioid adenocarcinoma, NOS",8380/3,,,
TCGA-AJ-A3OK,female,white,not reported,Alive,,73,,26851,485.0,,,,G3,,,,Endometrium,"Serous cystadenocarcinoma, NOS",8441/3,,,
TCGA-AX-A3G7,female,white,not hispanic or latino,Alive,,71,,26187,9.0,,,,G3,,,,Endometrium,"Serous cystadenocarcinoma, NOS",8441/3,,,
TCGA-D1-A1NS,female,white,not hispanic or latino,Alive,,53,,19638,43.0,,,,G1,,,,Endometrium,"Endometrioid adenocarcinoma, NOS",8380/3,,,
TCGA-D1-A16J,female,white,not hispanic or latino,Alive,,61,,22319,910.0,,,,G2,,,,Endometrium,"Endometrioid adenocarcinoma, NOS",8380/3,,,
TCGA-AP-A056,female,white,not reported,Alive,,64,,23707,2618.0,,,,G3,,,,Endometrium,"Endometrioid adenocarcinoma, NOS",8380/3,,,
TCGA-A5-A0GE,female,asian,not hispanic or latino,Alive,,38,,14170,3205.0,,,,G2,,,,Endometrium,"Endometrioid adenocarcinoma, NOS",8380/3,,,
TCGA-BK-A26L,female,white,not hispanic or latino,Alive,,71,,26002,734.0,,,,G3,,,,Endometrium,"Serous cystadenocarcinoma, NOS",8441/3,,,
TCGA-EY-A1GD,female,black or african american,not hispanic or latino,Alive,,51,,18638,1639.0,,,,G1,,,,Endometrium,"Endometrioid adenocarcinoma, NOS",8380/3,,,
TCGA-EO-A3KW,female,not reported,not reported,Alive,,72,,26492,497.0,,,,G3,,,,Endometrium,"Serous cystadenocarcinoma, NOS",8441/3,,,
TCGA-FI-A2D0,female,white,not hispanic or latino,Alive,,55,,20393,1213.0,,,,G3,,,,Endometrium,"Endometrioid adenocarcinoma, NOS",8380/3,,,
TCGA-D1-A17T,female,white,not hispanic or latino,Alive,,67,,24652,71.0,,,,G2,,,,Endometrium,"Endometrioid adenocarcinoma, NOS",8380/3,,,
TCGA-AP-A1E0,female,white,not reported,Alive,,40,,14653,1832.0,,,,G2,,,,Endometrium,"Endometrioid adenocarcinoma, NOS",8380/3,,,
TCGA-DI-A1BU,female,white,not hispanic or latino,Alive,,55,,20114,1195.0,,,,G3,,,,Endometrium,"Endometrioid adenocarcinoma, NOS",8380/3,,,
TCGA-AX-A3G4,female,native hawaiian or other pacific islander,not hispanic or latino,Alive,,60,,22099,9.0,,,,G3,,,,Endometrium,"Serous cystadenocarcinoma, NOS",8441/3,,,
TCGA-AJ-A2QM,female,white,not hispanic or latino,Alive,,67,,,,,,,,,,,Not Reported,Not Reported,Not Reported,,,
TCGA-D1-A160,female,white,not hispanic or latino,Alive,,70,,25673,112.0,,,,G2,,,,Endometrium,"Endometrioid adenocarcinoma, NOS",8380/3,,,
TCGA-D1-A16E,female,white,not hispanic or latino,Alive,,73,,26859,1119.0,,,,G1,,,,Endometrium,"Endometrioid adenocarcinoma, NOS",8380/3,,,
TCGA-AP-A1DO,female,white,not hispanic or latino,Alive,,62,,22787,952.0,,,,G2,,,,Endometrium,"Endometrioid adenocarcinoma, NOS",8380/3,,,
TCGA-B5-A11Y,female,white,not reported,Alive,,59,,21860,560.0,,,,G1,,,,Endometrium,"Endometrioid adenocarcinoma, secretory variant",8382/3,,,
TCGA-BK-A6W4,female,black or african american,not hispanic or latino,Alive,,62,,22766,300.0,,,,G2,,,,Endometrium,"Endometrioid adenocarcinoma, NOS",8380/3,,,
TCGA-AW-A1PO,female,white,not hispanic or latino,Alive,,66,,24225,17.0,,,,G3,,,,Endometrium,"Endometrioid adenocarcinoma, NOS",8380/3,,,
TCGA-EO-A3B1,female,not reported,not reported,Alive,,63,,23162,820.0,,,,G3,,,,Endometrium,"Serous cystadenocarcinoma, NOS",8441/3,,,
TCGA-D1-A0ZN,female,white,not hispanic or latino,Alive,,60,,22474,,,,,,,,,Not Reported,Not Reported,Not Reported,,,
TCGA-EY-A1GI,female,white,not hispanic or latino,Alive,,52,,19117,710.0,,,,G2,,,,Endometrium,"Endometrioid adenocarcinoma, NOS",8380/3,,,
TCGA-SL-A6J9,female,black or african american,not hispanic or latino,Alive,,73,,26701,2.0,,,,G3,,,,Endometrium,"Endometrioid adenocarcinoma, NOS",8380/3,,,
TCGA-B5-A1N2,female,black or african american,not reported,Dead,954,70,,26416,,,,,,,,,Not Reported,"Serous cystadenocarcinoma, NOS",8441/3,,,
TCGA-D1-A16X,female,white,not hispanic or latino,Alive,,54,,19799,111.0,,,,G2,,,,Endometrium,"Endometrioid adenocarcinoma, NOS",8380/3,,,
TCGA-A5-A0GJ,female,white,not hispanic or latino,Alive,,44,,16433,,,,,,,,,Not Reported,Not Reported,Not Reported,,,
TCGA-B5-A0JX,female,white,not reported,Alive,,62,,22834,1787.0,,,,G3,,,,Endometrium,"Endometrioid adenocarcinoma, NOS",8380/3,,,
TCGA-AJ-A5DV,female,black or african american,not hispanic or latino,Alive,,65,,23892,679.0,,,,G3,,,,Endometrium,"Endometrioid adenocarcinoma, NOS",8380/3,,,
TCGA-D1-A17N,female,not reported,not hispanic or latino,Alive,,46,,17045,46.0,,,,G2,,,,Endometrium,"Endometrioid adenocarcinoma, NOS",8380/3,,,
TCGA-B5-A1MS,female,white,not hispanic or latino,Dead,3112,60,,24774,,,,,,,,,Not Reported,"Serous cystadenocarcinoma, NOS",8441/3,,,
TCGA-BG-A0M6,female,white,not hispanic or latino,Dead,671,73,,26666,,,,,G3,,,,Endometrium,"Serous cystadenocarcinoma, NOS",8441/3,,,
TCGA-BG-A0M7,female,white,not hispanic or latino,Alive,,60,,22096,1937.0,,,,G2,,,,Endometrium,"Endometrioid adenocarcinoma, NOS",8380/3,,,
TCGA-AJ-A2QO,female,white,not reported,Dead,1045,85,,31222,1045.0,,,,G3,,,,Endometrium,"Endometrioid adenocarcinoma, NOS",8380/3,,,
TCGA-EY-A2OQ,female,white,not hispanic or latino,Alive,,61,,22309,885.0,,,,G3,,,,Endometrium,"Endometrioid adenocarcinoma, NOS",8380/3,,,
TCGA-BG-A0MU,female,white,not hispanic or latino,Alive,,78,,28621,617.0,,,,G1,,,,Endometrium,"Endometrioid adenocarcinoma, NOS",8380/3,,,
TCGA-A5-A0GV,female,white,not hispanic or latino,Alive,,67,,24844,,,,,,,,,Not Reported,Not Reported,Not Reported,,,
TCGA-EO-A22U,female,white,not reported,Alive,,83,,30557,1407.0,,,,G3,,,,Endometrium,"Endometrioid adenocarcinoma, NOS",8380/3,,,
TCGA-AP-A1DV,female,white,not hispanic or latino,Alive,,59,,21901,204.0,,,,G3,,,,Endometrium,"Endometrioid adenocarcinoma, NOS",8380/3,,,
TCGA-SJ-A6ZI,female,black or african american,not hispanic or latino,Alive,,64,,23653,631.0,,,,G1,,,,Endometrium,"Endometrioid adenocarcinoma, NOS",8380/3,,,
TCGA-AP-A0LE,female,white,not reported,Alive,,57,,20967,3357.0,,,,G3,,,,Endometrium,"Endometrioid adenocarcinoma, NOS",8380/3,,,
TCGA-K6-A3WQ,female,white,not hispanic or latino,Dead,427,60,,22092,427.0,,,,G3,,,,Endometrium,"Serous cystadenocarcinoma, NOS",8441/3,,,
TCGA-EY-A1GU,female,black or african american,not hispanic or latino,Dead,997,66,,24304,997.0,,,,G2,,,,Endometrium,"Endometrioid adenocarcinoma, NOS",8380/3,,,
TCGA-AJ-A3NH,female,white,not hispanic or latino,Dead,1,89,,32871,1.0,,,,G3,,,,Endometrium,"Serous cystadenocarcinoma, NOS",8441/3,,,
TCGA-QS-A744,female,black or african american,not hispanic or latino,Alive,,86,,31520,451.0,,,,G2,,,,Endometrium,"Endometrioid adenocarcinoma, NOS",8380/3,,,
TCGA-B5-A11O,female,white,not reported,Alive,,62,,22720,2609.0,,,,G1,,,,Endometrium,"Endometrioid adenocarcinoma, NOS",8380/3,,,
TCGA-D1-A16G,female,white,not hispanic or latino,Dead,834,74,,27065,,,,,High Grade,,,,Endometrium,"Serous cystadenocarcinoma, NOS",8441/3,,,
TCGA-D1-A2G0,female,white,not hispanic or latino,Alive,,70,,25573,1484.0,,,,G3,,,,Endometrium,"Serous cystadenocarcinoma, NOS",8441/3,,,
TCGA-EY-A2OM,female,white,not hispanic or latino,Alive,,55,,20398,694.0,,,,G3,,,,Endometrium,"Endometrioid adenocarcinoma, NOS",8380/3,,,
TCGA-EC-A1NJ,female,white,not hispanic or latino,Alive,,73,,27002,488.0,,,,G2,,,,Endometrium,"Endometrioid adenocarcinoma, NOS",8380/3,,,
TCGA-AP-A0LM,female,black or african american,not reported,Alive,,33,,12309,825.0,,,,G3,,,,Endometrium,"Endometrioid adenocarcinoma, NOS",8380/3,,,
TCGA-B5-A3S1,female,white,not reported,Alive,,71,,26031,902.0,,,,G3,,,,Endometrium,"Serous cystadenocarcinoma, NOS",8441/3,,,
TCGA-B5-A0JN,female,black or african american,not reported,Alive,,84,,30933,1939.0,,,,G3,,,,Endometrium,"Serous cystadenocarcinoma, NOS",8441/3,,,
TCGA-D1-A1NU,female,white,not hispanic or latino,Alive,,74,,27272,402.0,,,,G3,,,,Endometrium,"Serous cystadenocarcinoma, NOS",8441/3,,,
TCGA-PG-A7D5,female,black or african american,not hispanic or latino,Alive,,62,,23006,1177.0,,,,G3,,,,Endometrium,"Serous cystadenocarcinoma, NOS",8441/3,,,
TCGA-FL-A3WE,,,,,,,,,,,,,,,,,,,,,,
TCGA-D1-A1NX,female,white,not hispanic or latino,Alive,,66,,24917,,,,,,,,,Not Reported,"Serous cystadenocarcinoma, NOS",8441/3,,,
TCGA-AJ-A3EM,female,white,not reported,Alive,,69,,25557,677.0,,,,G3,,,,Endometrium,"Endometrioid adenocarcinoma, NOS",8380/3,,,
TCGA-B5-A0K9,female,white,not reported,Dead,409,88,,32289,,,,,G1,,,,Endometrium,"Endometrioid adenocarcinoma, NOS",8380/3,,,
TCGA-AP-A0LH,female,white,not hispanic or latino,Dead,1106,60,,22471,,,,,,,,,Not Reported,Not Reported,Not Reported,,,
TCGA-AX-A2IO,female,white,not reported,Alive,,83,,30539,1975.0,,,,G3,,,,Endometrium,"Serous cystadenocarcinoma, NOS",8441/3,,,
TCGA-DF-A2KY,female,not reported,not reported,Alive,,49,,18086,332.0,,,,G3,,,,Endometrium,"Endometrioid adenocarcinoma, NOS",8380/3,,,
TCGA-AP-A0LS,female,white,not reported,Alive,,63,,23126,2904.0,,,,G2,,,,Endometrium,"Endometrioid adenocarcinoma, NOS",8380/3,,,
TCGA-AP-A0LP,female,white,not reported,Alive,,76,,27898,1875.0,,,,G1,,,,Endometrium,"Endometrioid adenocarcinoma, NOS",8380/3,,,
TCGA-AX-A1C9,female,white,not hispanic or latino,Alive,,73,,26903,802.0,,,,G2,,,,Endometrium,"Endometrioid adenocarcinoma, NOS",8380/3,,,
TCGA-AJ-A3BH,female,white,not hispanic or latino,Alive,,,,,,,,,G3,,,,Endometrium,"Endometrioid adenocarcinoma, NOS",8380/3,,,
TCGA-D1-A17H,female,white,not hispanic or latino,Alive,,61,,22389,852.0,,,,G1,,,,Endometrium,"Endometrioid adenocarcinoma, NOS",8380/3,,,
TCGA-BS-A0TG,female,white,not hispanic or latino,Alive,,60,,22043,2371.0,,,,G2,,,,Endometrium,"Endometrioid adenocarcinoma, NOS",8380/3,,,
TCGA-AX-A3GI,female,black or african american,not hispanic or latino,Alive,,66,,24388,12.0,,,,G3,,,,Endometrium,"Serous cystadenocarcinoma, NOS",8441/3,,,
TCGA-AP-A1E3,female,white,not reported,Alive,,45,,16544,847.0,,,,G3,,,,Endometrium,"Endometrioid adenocarcinoma, NOS",8380/3,,,
TCGA-B5-A11J,female,white,not reported,Alive,,64,,23485,1656.0,,,,G2,,,,Endometrium,"Endometrioid adenocarcinoma, NOS",8380/3,,,
TCGA-B5-A1MR,female,white,not reported,Alive,,65,,24017,6859.0,,,,G3,,,,Endometrium,"Endometrioid adenocarcinoma, NOS",8380/3,,,
TCGA-D1-A161,female,white,not hispanic or latino,Alive,,78,,28695,892.0,,,,G1,,,,Endometrium,"Endometrioid adenocarcinoma, NOS",8380/3,,,
TCGA-QS-A5YQ,female,black or african american,not hispanic or latino,Alive,,55,,20425,759.0,,,,G1,,,,Endometrium,"Endometrioid adenocarcinoma, NOS",8380/3,,,
TCGA-EY-A3L3,female,black or african american,not hispanic or latino,Alive,,82,,30138,832.0,,,,G3,,,,Endometrium,"Endometrioid adenocarcinoma, NOS",8380/3,,,
TCGA-EY-A2OO,female,white,not hispanic or latino,Alive,,56,,20797,1392.0,,,,G3,,,,Endometrium,"Serous cystadenocarcinoma, NOS",8441/3,,,
TCGA-B5-A11L,female,white,not reported,Dead,2240,71,,26251,,,,,,,,,Not Reported,"Endometrioid adenocarcinoma, NOS",8380/3,,,
TCGA-AP-A05N,female,white,not reported,Dead,726,58,,21254,,,,,G1,,,,Endometrium,"Endometrioid adenocarcinoma, NOS",8380/3,,,
TCGA-BS-A0TE,female,asian,not hispanic or latino,Dead,146,35,,13041,,,,,,,,,Not Reported,Not Reported,Not Reported,,,
TCGA-FL-A1YI,,,,,,,,,,,,,,,,,,,,,,
TCGA-D1-A1NY,female,white,not hispanic or latino,Alive,,67,,24683,513.0,,,,G3,,,,Endometrium,"Endometrioid adenocarcinoma, NOS",8380/3,,,
TCGA-D1-A16S,female,white,not hispanic or latino,Alive,,70,,25690,568.0,,,,High Grade,,,,Endometrium,"Serous cystadenocarcinoma, NOS",8441/3,,,
TCGA-B5-A11U,female,black or african american,not reported,Alive,,74,,27160,509.0,,,,G3,,,,Endometrium,"Endometrioid adenocarcinoma, NOS",8380/3,,,
TCGA-EO-A2CH,female,not reported,not reported,Dead,590,73,,26966,590.0,,,,G3,,,,Endometrium,"Serous cystadenocarcinoma, NOS",8441/3,,,
TCGA-D1-A0ZR,female,white,not hispanic or latino,Alive,,57,,21157,17.0,,,,G2,,,,Endometrium,"Endometrioid adenocarcinoma, NOS",8380/3,,,
TCGA-D1-A16Y,female,white,not hispanic or latino,Alive,,56,,20455,532.0,,,,G1,,,,Endometrium,"Endometrioid adenocarcinoma, NOS",8380/3,,,
TCGA-B5-A1MV,female,white,not reported,Alive,,84,,30926,1565.0,,,,G2,,,,Endometrium,"Endometrioid adenocarcinoma, NOS",8380/3,,,
TCGA-BG-A187,female,white,not hispanic or latino,Alive,,65,,24099,448.0,,,,G2,,,,Endometrium,"Endometrioid adenocarcinoma, NOS",8380/3,,,
TCGA-EO-A22X,female,not reported,not reported,Alive,,36,,13245,1752.0,,,,G3,,,,Endometrium,"Endometrioid adenocarcinoma, NOS",8380/3,,,
TCGA-AX-A0IZ,female,white,not hispanic or latino,Alive,,53,,19364,1333.0,,,,G3,,,,Endometrium,"Endometrioid adenocarcinoma, NOS",8380/3,,,
TCGA-BK-A6W3,female,black or african american,not hispanic or latino,Alive,,34,,12590,305.0,,,,G2,,,,Endometrium,"Endometrioid adenocarcinoma, NOS",8380/3,,,
TCGA-D1-A17F,female,white,not hispanic or latino,Alive,,68,,25116,39.0,,,,G2,,,,Endometrium,"Endometrioid adenocarcinoma, NOS",8380/3,,,
TCGA-EY-A1GJ,female,black or african american,not hispanic or latino,Alive,,73,,26715,727.0,,,,G3,,,,Endometrium,"Endometrioid adenocarcinoma, NOS",8380/3,,,
TCGA-A5-A0GD,female,white,not reported,Dead,3423,75,,27399,,,,,G2,,,,Endometrium,"Endometrioid adenocarcinoma, NOS",8380/3,,,
TCGA-D1-A15X,female,white,not hispanic or latino,Alive,,45,,16532,909.0,,,,High Grade,,,,Endometrium,"Serous cystadenocarcinoma, NOS",8441/3,,,
TCGA-EY-A5W2,female,black or african american,not hispanic or latino,Alive,,72,,26498,516.0,,,,G3,,,,Endometrium,"Endometrioid adenocarcinoma, NOS",8380/3,,,
TCGA-FL-A1YT,,,,,,,,,,,,,,,,,,,,,,
TCGA-AX-A1CF,female,white,not hispanic or latino,Alive,,69,,25300,2337.0,,,,G3,,,,Endometrium,"Endometrioid adenocarcinoma, NOS",8380/3,,,
TCGA-BG-A2L7,female,white,not hispanic or latino,Alive,,68,,25091,612.0,,,,G3,,,,Endometrium,"Endometrioid adenocarcinoma, NOS",8380/3,,,
TCGA-B5-A0JV,female,black or african american,not reported,Alive,,63,,23295,2616.0,,,,G2,,,,Endometrium,"Endometrioid adenocarcinoma, NOS",8380/3,,,
TCGA-A5-A0VQ,female,not reported,hispanic or latino,Alive,,62,,22995,485.0,,,,G3,,,,Endometrium,"Endometrioid adenocarcinoma, NOS",8380/3,,,
TCGA-AJ-A3EL,female,native hawaiian or other pacific islander,not reported,Alive,,47,,17442,684.0,,,,G3,,,,Endometrium,"Endometrioid adenocarcinoma, NOS",8380/3,,,
TCGA-FI-A2F9,female,white,not hispanic or latino,Alive,,79,,28886,1803.0,,,,G3,,,,Endometrium,"Endometrioid adenocarcinoma, NOS",8380/3,,,
TCGA-BS-A0U7,female,white,not hispanic or latino,Dead,935,63,,23166,,,,,G2,,,,Endometrium,"Endometrioid adenocarcinoma, NOS",8380/3,,,
TCGA-A5-A0R9,female,white,not hispanic or latino,Alive,,51,,18982,749.0,,,,G2,,,,Endometrium,"Endometrioid adenocarcinoma, NOS",8380/3,,,
TCGA-A5-A1OF,female,not reported,hispanic or latino,Alive,,47,,17308,973.0,,,,High Grade,,,,Endometrium,"Serous cystadenocarcinoma, NOS",8441/3,,,
TCGA-SL-A6JA,female,black or african american,not hispanic or latino,Alive,,77,,28401,7.0,,,,G3,,,,Endometrium,"Endometrioid adenocarcinoma, NOS",8380/3,,,
TCGA-A5-A3LO,female,white,not hispanic or latino,Alive,,64,,23401,776.0,,,,G3,,,,Endometrium,"Endometrioid adenocarcinoma, NOS",8380/3,,,
TCGA-BS-A0V8,female,native hawaiian or other pacific islander,not hispanic or latino,Alive,,68,,24981,2544.0,,,,G2,,,,Endometrium,"Endometrioid adenocarcinoma, NOS",8380/3,,,
TCGA-BK-A0CC,female,black or african american,hispanic or latino,Alive,,69,,26489,,,,,,,,,Not Reported,"Serous cystadenocarcinoma, NOS",8441/3,,,
TCGA-EO-A3AS,female,not reported,not reported,Alive,,86,,31450,1046.0,,,,G3,,,,Endometrium,"Endometrioid adenocarcinoma, NOS",8380/3,,,
TCGA-BG-A0W1,female,white,not hispanic or latino,Alive,,89,,32750,122.0,,,,G2,,,,Endometrium,"Endometrioid adenocarcinoma, NOS",8380/3,,,
TCGA-AX-A0IS,female,white,not hispanic or latino,Dead,1858,52,,19621,,,,,,,,,Not Reported,Not Reported,Not Reported,,,
TCGA-B5-A0K7,female,white,not reported,Alive,,64,,23429,1933.0,,,,G1,,,,Endometrium,"Endometrioid adenocarcinoma, NOS",8380/3,,,
TCGA-A5-A0GB,female,white,not reported,Alive,,65,,23883,997.0,,,,G3,,,,Endometrium,"Endometrioid adenocarcinoma, NOS",8380/3,,,
TCGA-AX-A3FW,female,white,not hispanic or latino,Alive,,66,,24419,17.0,,,,G3,,,,Endometrium,"Endometrioid adenocarcinoma, NOS",8380/3,,,
TCGA-DF-A2KR,female,not reported,not reported,Alive,,84,,,1865.0,,,,G3,,,,Endometrium,"Endometrioid adenocarcinoma, NOS",8380/3,,,
TCGA-AX-A2HJ,female,asian,not hispanic or latino,Alive,,35,,13112,935.0,,,,G3,,,,Endometrium,"Endometrioid adenocarcinoma, NOS",8380/3,,,
TCGA-A5-A0GH,female,white,not hispanic or latino,Alive,,57,,21090,2254.0,,,,G3,,,,Endometrium,"Endometrioid adenocarcinoma, NOS",8380/3,,,
TCGA-EY-A547,female,black or african american,not hispanic or latino,Alive,,75,,27686,545.0,,,,G3,,,,Endometrium,"Endometrioid adenocarcinoma, NOS",8380/3,,,
TCGA-D1-A179,female,white,hispanic or latino,Dead,448,76,,28037,,,,,High Grade,,,,Endometrium,"Serous cystadenocarcinoma, NOS",8441/3,,,
TCGA-B5-A11E,female,white,not reported,Alive,,53,,19458,1820.0,,,,G3,,,,Endometrium,"Endometrioid adenocarcinoma, NOS",8380/3,,,
TCGA-EO-A3AZ,female,not reported,not reported,Alive,,80,,29234,826.0,,,,G3,,,,Endometrium,"Serous cystadenocarcinoma, NOS",8441/3,,,
TCGA-BG-A222,female,white,not hispanic or latino,Alive,,49,,18220,291.0,,,,G3,,,,Endometrium,"Endometrioid adenocarcinoma, NOS",8380/3,,,
TCGA-DF-A2KZ,female,not reported,not reported,Alive,,87,,31973,826.0,,,,G3,,,,Endometrium,"Endometrioid adenocarcinoma, NOS",8380/3,,,
TCGA-D1-A167,female,white,not hispanic or latino,Alive,,70,,25575,478.0,,,,G2,,,,Endometrium,"Endometrioid adenocarcinoma, NOS",8380/3,,,
TCGA-JU-AAVI,female,black or african american,not hispanic or latino,Dead,540,61,,22794,,,,,,,,,Not Reported,"Serous cystadenocarcinoma, NOS",8441/3,,,
TCGA-AX-A1CA,female,black or african american,not hispanic or latino,Alive,,70,,25817,974.0,,,,G3,,,,Endometrium,"Serous cystadenocarcinoma, NOS",8441/3,,,
TCGA-DI-A1C3,female,white,not hispanic or latino,Alive,,38,,13885,739.0,,,,G2,,,,Endometrium,"Endometrioid adenocarcinoma, NOS",8380/3,,,
TCGA-AJ-A3BF,female,white,not hispanic or latino,Alive,,65,,24415,,,,,,,,,Not Reported,Papillary serous cystadenocarcinoma,8460/3,,,
TCGA-AX-A1C4,female,white,not hispanic or latino,Alive,,52,,19209,404.0,,,,G2,,,,Endometrium,"Endometrioid adenocarcinoma, NOS",8380/3,,,
TCGA-AJ-A6NU,female,black or african american,not hispanic or latino,Alive,,64,,23498,632.0,,,,G1,,,,Endometrium,"Endometrioid adenocarcinoma, NOS",8380/3,,,
TCGA-AP-A0LT,female,white,not reported,Alive,,57,,21107,1497.0,,,,G2,,,,Endometrium,"Endometrioid adenocarcinoma, NOS",8380/3,,,
TCGA-AJ-A8CW,female,black or african american,not hispanic or latino,Alive,,64,,23554,4.0,,,,G2,,,,Endometrium,"Endometrioid adenocarcinoma, NOS",8380/3,,,
TCGA-AP-A059,female,white,not hispanic or latino,Alive,,69,,25311,1461.0,,,,G3,,,,Endometrium,"Endometrioid adenocarcinoma, NOS",8380/3,,,
TCGA-AJ-A8CV,female,black or african american,not reported,Alive,,58,,21336,1068.0,,,,G2,,,,Endometrium,"Endometrioid adenocarcinoma, NOS",8380/3,,,
TCGA-FI-A2D2,female,white,not hispanic or latino,Dead,2352,66,,26177,,,,,,,,,Not Reported,"Serous cystadenocarcinoma, NOS",8441/3,,,
TCGA-FL-A1YH,,,,,,,,,,,,,,,,,,,,,,
TCGA-A5-A0G5,female,black or african american,not reported,Alive,,73,,26827,1126.0,,,,G3,,,,Endometrium,"Clear cell adenocarcinoma, NOS",8310/3,,,
TCGA-FI-A2D4,female,white,not reported,Dead,243,44,,16163,,,,,G3,,,,Endometrium,"Endometrioid adenocarcinoma, NOS",8380/3,,,
TCGA-AP-A05O,female,white,not reported,Alive,,68,,24978,384.0,,,,G3,,,,Endometrium,"Endometrioid adenocarcinoma, NOS",8380/3,,,
TCGA-EO-A3B0,female,asian,not reported,Alive,,43,,15954,1412.0,,,,G3,,,,Endometrium,"Endometrioid adenocarcinoma, NOS",8380/3,,,
TCGA-D1-A0ZZ,female,white,not hispanic or latino,Alive,,80,,29420,686.0,,,,G3,,,,Endometrium,"Endometrioid adenocarcinoma, NOS",8380/3,,,
TCGA-BS-A0T9,female,native hawaiian or other pacific islander,not hispanic or latino,Dead,1428,39,,14253,,,,,G3,,,,Endometrium,"Endometrioid adenocarcinoma, NOS",8380/3,,,
TCGA-BG-A0M9,female,white,not hispanic or latino,Alive,,73,,26708,2270.0,,,,G2,,,,Endometrium,"Endometrioid adenocarcinoma, NOS",8380/3,,,
TCGA-AJ-A3BK,female,white,not hispanic or latino,Alive,,68,,24943,1031.0,,,,G3,,,,Endometrium,"Endometrioid adenocarcinoma, NOS",8380/3,,,
TCGA-AJ-A3BI,female,white,not hispanic or latino,Alive,,67,,24623,575.0,,,,G3,,,,Endometrium,"Endometrioid adenocarcinoma, NOS",8380/3,,,
TCGA-AX-A3FZ,female,white,not hispanic or latino,Alive,,33,,12331,6.0,,,,G3,,,,Endometrium,"Endometrioid adenocarcinoma, NOS",8380/3,,,
TCGA-AX-A2HC,female,black or african american,not hispanic or latino,Alive,,53,,19485,1044.0,,,,G3,,,,Endometrium,"Endometrioid adenocarcinoma, NOS",8380/3,,,
TCGA-FL-A1YQ,,,,,,,,,,,,,,,,,,,,,,
TCGA-D1-A16I,female,white,not hispanic or latino,Dead,350,62,,22836,,,,,High Grade,,,,Endometrium,"Serous cystadenocarcinoma, NOS",8441/3,,,
TCGA-QS-A8F1,female,black or african american,not hispanic or latino,Dead,135,85,,31386,135.0,,,,G3,,,,Fundus uteri,"Serous cystadenocarcinoma, NOS",8441/3,,,
TCGA-BK-A0CB,female,white,not hispanic or latino,Alive,,60,,21930,1092.0,,,,G2,,,,Endometrium,"Endometrioid adenocarcinoma, NOS",8380/3,,,
TCGA-FL-A1YL,,,,,,,,,,,,,,,,,,,,,,
TCGA-D1-A17K,female,white,not hispanic or latino,Alive,,74,,28098,,,,,,,,,Not Reported,"Endometrioid adenocarcinoma, NOS",8380/3,,,
TCGA-A5-A1OG,female,asian,not hispanic or latino,Dead,973,65,,24293,,,,,,,,,Not Reported,"Serous cystadenocarcinoma, NOS",8441/3,,,
TCGA-B5-A1MY,female,black or african american,not reported,Dead,361,62,,23138,,,,,,,,,Not Reported,"Serous cystadenocarcinoma, NOS",8441/3,,,
TCGA-AJ-A23N,female,white,not reported,Dead,439,70,,25772,439.0,,,,G3,,,,Endometrium,"Serous cystadenocarcinoma, NOS",8441/3,,,
TCGA-AP-A0LV,female,white,not reported,Alive,,39,,14556,763.0,,,,G1,,,,Endometrium,"Endometrioid adenocarcinoma, NOS",8380/3,,,
TCGA-EO-A1Y5,female,not reported,not reported,Alive,,63,,23251,332.0,,,,G3,,,,Endometrium,"Serous cystadenocarcinoma, NOS",8441/3,,,
TCGA-BS-A0U9,female,native hawaiian or other pacific islander,not hispanic or latino,Alive,,59,,21580,2825.0,,,,G3,,,,Endometrium,"Endometrioid adenocarcinoma, NOS",8380/3,,,
TCGA-FI-A2F8,female,white,not hispanic or latino,Alive,,64,,23649,933.0,,,,G3,,,,Endometrium,"Serous cystadenocarcinoma, NOS",8441/3,,,
TCGA-BG-A0VV,female,white,not hispanic or latino,Alive,,53,,19581,1553.0,,,,G1,,,,Endometrium,"Endometrioid adenocarcinoma, NOS",8380/3,,,
TCGA-BG-A18B,female,white,not hispanic or latino,Alive,,53,,19550,470.0,,,,G2,,,,Endometrium,"Endometrioid adenocarcinoma, NOS",8380/3,,,
TCGA-AX-A064,female,white,not reported,Alive,,81,,29625,1517.0,,,,G2,,,,Endometrium,"Endometrioid adenocarcinoma, NOS",8380/3,,,
TCGA-QS-A5YR,female,black or african american,not hispanic or latino,Alive,,61,,22372,719.0,,,,G2,,,,Endometrium,"Endometrioid adenocarcinoma, NOS",8380/3,,,
TCGA-BG-A18C,female,white,not hispanic or latino,Alive,,72,,26602,470.0,,,,G2,,,,Endometrium,"Endometrioid adenocarcinoma, NOS",8380/3,,,
TCGA-BG-A0LW,female,white,not hispanic or latino,Alive,,47,,17369,566.0,,,,G2,,,,Endometrium,"Endometrioid adenocarcinoma, NOS",8380/3,,,
TCGA-AJ-A3QS,female,black or african american,not hispanic or latino,Alive,,57,,21162,513.0,,,,G3,,,,Endometrium,"Serous cystadenocarcinoma, NOS",8441/3,,,
TCGA-AJ-A8CT,female,black or african american,not reported,Alive,,58,,21515,82.0,,,,G1,,,,Endometrium,"Endometrioid adenocarcinoma, NOS",8380/3,,,
TCGA-BG-A0VX,female,white,not hispanic or latino,Alive,,58,,21425,1043.0,,,,G1,,,,Endometrium,"Endometrioid adenocarcinoma, NOS",8380/3,,,
TCGA-AX-A2HK,female,white,not reported,Dead,90,77,,28316,,,,,G3,,,,Endometrium,"Endometrioid adenocarcinoma, NOS",8380/3,,,
TCGA-A5-A0GA,female,white,not hispanic or latino,Dead,543,67,,24659,,,,,G3,,,,Endometrium,"Endometrioid adenocarcinoma, NOS",8380/3,,,
TCGA-BG-A0MO,female,white,not hispanic or latino,Alive,,63,,23287,1309.0,,,,G1,,,,Endometrium,"Endometrioid adenocarcinoma, NOS",8380/3,,,
TCGA-D1-A17R,female,white,not hispanic or latino,Dead,339,58,,21382,,,,,G2,,,,Endometrium,"Endometrioid adenocarcinoma, NOS",8380/3,,,
TCGA-EY-A54A,female,black or african american,not hispanic or latino,Alive,,67,,24822,447.0,,,,G3,,,,Endometrium,"Endometrioid adenocarcinoma, NOS",8380/3,,,
TCGA-FI-A2D6,female,white,not hispanic or latino,Dead,767,74,,27060,767.0,,,,G3,,,,Endometrium,"Endometrioid adenocarcinoma, NOS",8380/3,,,
TCGA-AX-A2HG,female,white,hispanic or latino,Alive,,56,,20771,1163.0,,,,G3,,,,Endometrium,"Endometrioid adenocarcinoma, NOS",8380/3,,,
TCGA-BS-A0TC,female,asian,not hispanic or latino,Alive,,69,,25560,2602.0,,,,G1,,,,Endometrium,"Endometrioid adenocarcinoma, NOS",8380/3,,,
TCGA-D1-A3DH,female,white,not hispanic or latino,Alive,,71,,25935,573.0,,,,G3,,,,Endometrium,"Endometrioid adenocarcinoma, NOS",8380/3,,,
TCGA-D1-A17D,female,white,not hispanic or latino,Alive,,58,,21441,926.0,,,,G3,,,,Endometrium,"Endometrioid adenocarcinoma, NOS",8380/3,,,
TCGA-D1-A16Q,female,white,not hispanic or latino,Alive,,54,,19873,324.0,,,,G2,,,,Endometrium,"Endometrioid adenocarcinoma, NOS",8380/3,,,
TCGA-B5-A1MZ,female,white,not reported,Alive,,54,,19955,1598.0,,,,G1,,,,Endometrium,"Endometrioid adenocarcinoma, NOS",8380/3,,,
TCGA-A5-A2K2,female,white,not hispanic or latino,Alive,,77,,28456,3595.0,,,,G3,,,,Endometrium,"Serous cystadenocarcinoma, NOS",8441/3,,,
TCGA-5S-A9Q8,female,black or african american,not hispanic or latino,Alive,,51,,18785,313.0,,,,G2,,,,Endometrium,"Endometrioid adenocarcinoma, NOS",8380/3,,,
TCGA-AX-A05W,female,white,not hispanic or latino,Alive,,60,,22200,2450.0,,,,G1,,,,Endometrium,"Endometrioid adenocarcinoma, NOS",8380/3,,,
TCGA-AJ-A3IA,female,white,not hispanic or latino,Alive,,77,,28470,633.0,,,,G3,,,,Endometrium,"Endometrioid adenocarcinoma, NOS",8380/3,,,
TCGA-D1-A16V,female,white,not hispanic or latino,Dead,120,78,,28635,,,,,G3,,,,Endometrium,"Endometrioid adenocarcinoma, NOS",8380/3,,,
TCGA-AX-A3FT,female,white,not hispanic or latino,Alive,,64,,23543,6.0,,,,G3,,,,Endometrium,"Endometrioid adenocarcinoma, NOS",8380/3,,,
TCGA-BG-A0M0,female,white,not hispanic or latino,Alive,,66,,24427,588.0,,,,G1,,,,Endometrium,"Endometrioid adenocarcinoma, NOS",8380/3,,,
TCGA-AX-A3FS,female,white,not hispanic or latino,Alive,,82,,30102,7.0,,,,G3,,,,Endometrium,"Endometrioid adenocarcinoma, NOS",8380/3,,,
TCGA-EO-A3AU,female,not reported,not reported,Alive,,72,,27584,,,,,,,,,Not Reported,Not Reported,Not Reported,,,
TCGA-EO-A22S,female,not reported,not reported,Alive,,58,,21328,1872.0,,,,G3,,,,Endometrium,"Endometrioid adenocarcinoma, NOS",8380/3,,,
TCGA-AJ-A2QL,female,white,not hispanic or latino,Alive,,60,,22057,602.0,,,,G3,,,,Endometrium,"Endometrioid adenocarcinoma, NOS",8380/3,,,
TCGA-DF-A2KU,female,not reported,not reported,Alive,,,,,3067.0,,,,G3,,,,Endometrium,"Endometrioid adenocarcinoma, NOS",8380/3,,,
TCGA-D1-A169,female,white,not hispanic or latino,Alive,,63,,23238,1135.0,,,,G2,,,,Endometrium,"Endometrioid adenocarcinoma, NOS",8380/3,,,
TCGA-AP-A0L8,female,black or african american,not reported,Dead,1484,70,,27186,,,,,,,,,Not Reported,Not Reported,Not Reported,,,
TCGA-A5-A3LP,female,white,not hispanic or latino,Alive,,74,,27131,455.0,,,,G3,,,,Endometrium,"Serous cystadenocarcinoma, NOS",8441/3,,,
TCGA-BG-A0MG,female,white,not hispanic or latino,Alive,,73,,26957,1477.0,,,,G1,,,,Endometrium,"Endometrioid adenocarcinoma, NOS",8380/3,,,
TCGA-D1-A101,female,white,not hispanic or latino,Alive,,60,,22078,53.0,,,,G2,,,,Endometrium,"Endometrioid adenocarcinoma, NOS",8380/3,,,
TCGA-BG-A3PP,female,white,not hispanic or latino,Alive,,82,,30227,681.0,,,,G3,,,,Endometrium,"Serous cystadenocarcinoma, NOS",8441/3,,,
TCGA-AP-A0LO,female,white,not hispanic or latino,Dead,1016,45,,17009,,,,,,,,,Not Reported,Not Reported,Not Reported,,,
TCGA-EY-A72D,female,black or african american,not hispanic or latino,Alive,,87,,31846,,,,,,T1b1,NX,M0,Not Reported,Adenoid basal carcinoma,8098/3,,,
TCGA-AX-A2H7,female,white,not hispanic or latino,Dead,772,87,,32784,,,,,,,,,Not Reported,"Endometrioid adenocarcinoma, NOS",8380/3,,,
TCGA-EY-A1GE,female,white,not hispanic or latino,Alive,,67,,24667,741.0,,,,G1,,,,Endometrium,"Endometrioid adenocarcinoma, NOS",8380/3,,,
TCGA-A5-A0GN,female,white,not hispanic or latino,Alive,,65,,24020,1841.0,,,,G1,,,,Endometrium,"Endometrioid adenocarcinoma, NOS",8380/3,,,
TCGA-AP-A5FX,female,black or african american,not reported,Dead,1099,68,,25063,1099.0,,,,G3,,,,Endometrium,Adenocarcinoma with mixed subtypes,8255/3,,,
TCGA-B5-A0JR,female,white,not reported,Alive,,73,,26814,1731.0,,,,G3,,,,Endometrium,"Endometrioid adenocarcinoma, NOS",8380/3,,,
TCGA-BS-A0UM,female,white,not hispanic or latino,Alive,,64,,24854,,,,,,,,,Not Reported,"Endometrioid adenocarcinoma, NOS",8380/3,,,
TCGA-EY-A1GX,female,white,not hispanic or latino,Dead,1127,76,,27962,1127.0,,,,G2,,,,Endometrium,"Endometrioid adenocarcinoma, NOS",8380/3,,,
TCGA-AX-A3GB,female,white,not hispanic or latino,Alive,,73,,26724,440.0,,,,G3,,,,Endometrium,"Endometrioid adenocarcinoma, NOS",8380/3,,,
TCGA-BG-A0LX,female,white,not hispanic or latino,Alive,,57,,20928,614.0,,,,G2,,,,Endometrium,"Endometrioid adenocarcinoma, NOS",8380/3,,,
TCGA-B5-A3FA,female,white,not reported,Alive,,73,,26850,2929.0,,,,G3,,,,Endometrium,"Endometrioid adenocarcinoma, NOS",8380/3,,,
TCGA-AP-A1DQ,female,white,not reported,Dead,1423,76,,27815,,,,,High Grade,,,,Endometrium,"Endometrioid adenocarcinoma, NOS",8380/3,,,
TCGA-B5-A5OC,female,black or african american,not reported,Alive,,71,,26109,1249.0,,,,G3,,,,Endometrium,"Endometrioid adenocarcinoma, NOS",8380/3,,,
TCGA-B5-A11Q,female,white,not reported,Alive,,64,,23538,976.0,,,,G1,,,,Endometrium,"Endometrioid adenocarcinoma, NOS",8380/3,,,
TCGA-AX-A2H4,female,white,not hispanic or latino,Dead,916,66,,24754,,,,,,,,,Not Reported,"Serous cystadenocarcinoma, NOS",8441/3,,,
TCGA-A5-A0RA,female,white,not hispanic or latino,Alive,,68,,25060,884.0,,,,G2,,,,Endometrium,"Endometrioid adenocarcinoma, NOS",8380/3,,,
TCGA-BS-A0UV,female,native hawaiian or other pacific islander,not hispanic or latino,Alive,,55,,20266,2228.0,,,,G3,,,,Endometrium,"Endometrioid adenocarcinoma, NOS",8380/3,,,
TCGA-PG-A917,female,black or african american,not hispanic or latino,Alive,,74,,27104,212.0,,,,G2,,,,Endometrium,"Endometrioid adenocarcinoma, NOS",8380/3,,,
TCGA-AP-A0LJ,female,white,not reported,Alive,,42,,15577,1421.0,,,,G1,,,,Endometrium,"Endometrioid adenocarcinoma, NOS",8380/3,,,
TCGA-AX-A06J,female,white,not hispanic or latino,Alive,,71,,26000,913.0,,,,G3,,,,Endometrium,"Endometrioid adenocarcinoma, NOS",8380/3,,,
TCGA-BG-A0MI,female,white,not hispanic or latino,Dead,714,83,,30334,,,,,G2,,,,Endometrium,"Endometrioid adenocarcinoma, NOS",8380/3,,,
TCGA-AX-A1C8,female,white,not hispanic or latino,Alive,,77,,28452,776.0,,,,G3,,,,Endometrium,"Serous cystadenocarcinoma, NOS",8441/3,,,
TCGA-AP-A05A,female,white,not reported,Dead,1944,81,,29914,,,,,G3,,,,Endometrium,"Serous cystadenocarcinoma, NOS",8441/3,,,
TCGA-A5-A2K4,female,white,not reported,Dead,871,69,,25798,,,,,,,,,Not Reported,"Serous cystadenocarcinoma, NOS",8441/3,,,
TCGA-D1-A15Z,female,white,not hispanic or latino,Dead,58,72,,26638,,,,,G2,,,,Endometrium,"Endometrioid adenocarcinoma, NOS",8380/3,,,
TCGA-AX-A2H5,female,black or african american,not hispanic or latino,Alive,,67,,24757,2167.0,,,,G3,,,,Endometrium,"Serous cystadenocarcinoma, NOS",8441/3,,,
TCGA-A5-A0GQ,female,white,not hispanic or latino,Alive,,76,,28078,2247.0,,,,G1,,,,Endometrium,"Endometrioid adenocarcinoma, NOS",8380/3,,,
